input_shapes,input_contiguous,contiguous,output_shape,dtype,Name,meta,module_path,linear_weight_trainable,lora_rank,_input_nodes,users
[],[],True,"(4, 512)",torch.int64,input_ids,{},,True,0,[],"[size, getattr_1, model_embed_tokens]"
"[[4, 512]]",[True],True,"(1,)",,size,"{'nn_module_stack': OrderedDict({'model': ('model', <class 'transformers.models.qwen2.modeling_qwen2.Qwen2Model'>)})}",model,True,0,['input_ids'],"[getitem, getitem_1]"
[[1]],[True],True,"(1,)",,getitem,"{'nn_module_stack': OrderedDict({'model': ('model', <class 'transformers.models.qwen2.modeling_qwen2.Qwen2Model'>)})}",model,True,0,['size'],[expand]
[[1]],[True],True,"(1,)",,getitem_1,"{'nn_module_stack': OrderedDict({'model': ('model', <class 'transformers.models.qwen2.modeling_qwen2.Qwen2Model'>)})}",model,True,0,['size'],"[add, view, add_1, sub, gt, full, add_4, expand]"
[[1]],[True],True,"(1,)",,add,"{'nn_module_stack': OrderedDict({'model': ('model', <class 'transformers.models.qwen2.modeling_qwen2.Qwen2Model'>)})}",model,True,0,['getitem_1'],[arange]
"[[4, 512]]",[True],True,"(1,)",,getattr_1,"{'nn_module_stack': OrderedDict({'model': ('model', <class 'transformers.models.qwen2.modeling_qwen2.Qwen2Model'>)})}",model,True,0,['input_ids'],[arange]
"[[1], [1]]","[True, True]",True,"(512,)",torch.int64,arange,"{'nn_module_stack': OrderedDict({'model': ('model', <class 'transformers.models.qwen2.modeling_qwen2.Qwen2Model'>)})}",model,True,0,"['add', 'getattr_1']",[unsqueeze]
[[512]],[True],True,"(1, 512)",torch.int64,unsqueeze,"{'nn_module_stack': OrderedDict({'model': ('model', <class 'transformers.models.qwen2.modeling_qwen2.Qwen2Model'>)})}",model,True,0,['arange'],[view]
"[[1, 512], [1]]","[True, True]",True,"(1, 512)",torch.int64,view,"{'nn_module_stack': OrderedDict({'model': ('model', <class 'transformers.models.qwen2.modeling_qwen2.Qwen2Model'>)})}",model,True,0,"['unsqueeze', 'getitem_1']","[getitem_9, getitem_10]"
"[[4, 512]]",[True],True,"(4, 512, 5120)",torch.float32,model_embed_tokens,"{'nn_module_stack': OrderedDict({'model': ('model', <class 'transformers.models.qwen2.modeling_qwen2.Qwen2Model'>), 'model.embed_tokens': ('model.embed_tokens', <class 'torch.nn.modules.sparse.Embedding'>)})}",model.embed_tokens,False,0,['input_ids'],"[getattr_2, getattr_4, to_1, getattr_6, add_15]"
[[1]],[True],True,"(1,)",,add_1,"{'nn_module_stack': OrderedDict({'model': ('model', <class 'transformers.models.qwen2.modeling_qwen2.Qwen2Model'>)})}",model,True,0,['getitem_1'],[sub]
"[[1], [1]]","[True, True]",True,"(1,)",,sub,"{'nn_module_stack': OrderedDict({'model': ('model', <class 'transformers.models.qwen2.modeling_qwen2.Qwen2Model'>)})}",model,True,0,"['add_1', 'getitem_1']","[gt_1, sub_1, add_4]"
[[1]],[True],True,"(1,)",,gt,"{'nn_module_stack': OrderedDict({'model': ('model', <class 'transformers.models.qwen2.modeling_qwen2.Qwen2Model'>)})}",model,True,0,['getitem_1'],[]
"[[4, 512, 5120]]",[True],True,"(1,)",,getattr_2,"{'nn_module_stack': OrderedDict({'model': ('model', <class 'transformers.models.qwen2.modeling_qwen2.Qwen2Model'>)})}",model,True,0,['model_embed_tokens'],"[finfo, to, finfo_1]"
[[1]],[True],True,"(1,)",,finfo,"{'nn_module_stack': OrderedDict({'model': ('model', <class 'transformers.models.qwen2.modeling_qwen2.Qwen2Model'>)})}",model,True,0,['getattr_2'],[getattr_3]
[[1]],[True],True,"(1,)",,getattr_3,"{'nn_module_stack': OrderedDict({'model': ('model', <class 'transformers.models.qwen2.modeling_qwen2.Qwen2Model'>)})}",model,True,0,['finfo'],[full]
"[[4, 512, 5120]]",[True],True,"(1,)",,getattr_4,"{'nn_module_stack': OrderedDict({'model': ('model', <class 'transformers.models.qwen2.modeling_qwen2.Qwen2Model'>)})}",model,True,0,['model_embed_tokens'],"[full, arange_1]"
"[[1], [1], [1]]","[True, True, True]",True,"(512, 512)",torch.float32,full,"{'nn_module_stack': OrderedDict({'model': ('model', <class 'transformers.models.qwen2.modeling_qwen2.Qwen2Model'>)})}",model,True,0,"['getitem_1', 'getattr_3', 'getattr_4']","[size_1, size_2, masked_fill_, to]"
"[[512, 512]]",[True],True,"(1,)",,size_1,"{'nn_module_stack': OrderedDict({'model': ('model', <class 'transformers.models.qwen2.modeling_qwen2.Qwen2Model'>)})}",model,True,0,['full'],[arange_1]
"[[1], [1]]","[True, True]",True,"(512,)",torch.int64,arange_1,"{'nn_module_stack': OrderedDict({'model': ('model', <class 'transformers.models.qwen2.modeling_qwen2.Qwen2Model'>)})}",model,True,0,"['size_1', 'getattr_4']","[add_2, lt]"
[[512]],[True],True,"(512,)",torch.int64,add_2,"{'nn_module_stack': OrderedDict({'model': ('model', <class 'transformers.models.qwen2.modeling_qwen2.Qwen2Model'>)})}",model,True,0,['arange_1'],[view_1]
"[[512, 512]]",[True],True,"(1,)",,size_2,"{'nn_module_stack': OrderedDict({'model': ('model', <class 'transformers.models.qwen2.modeling_qwen2.Qwen2Model'>)})}",model,True,0,['full'],[view_1]
"[[512], [1]]","[True, True]",True,"(512, 1)",torch.int64,view_1,"{'nn_module_stack': OrderedDict({'model': ('model', <class 'transformers.models.qwen2.modeling_qwen2.Qwen2Model'>)})}",model,True,0,"['add_2', 'size_2']",[lt]
"[[512], [512, 1]]","[True, True]",True,"(512, 512)",torch.bool,lt,"{'nn_module_stack': OrderedDict({'model': ('model', <class 'transformers.models.qwen2.modeling_qwen2.Qwen2Model'>)})}",model,True,0,"['arange_1', 'view_1']",[masked_fill_]
"[[512, 512], [512, 512]]","[True, True]",True,"(512, 512)",torch.float32,masked_fill_,"{'nn_module_stack': OrderedDict({'model': ('model', <class 'transformers.models.qwen2.modeling_qwen2.Qwen2Model'>)})}",model,True,0,"['full', 'lt']",[]
"[[512, 512], [1]]","[True, True]",True,"(512, 512)",torch.float32,to,"{'nn_module_stack': OrderedDict({'model': ('model', <class 'transformers.models.qwen2.modeling_qwen2.Qwen2Model'>)})}",model,True,0,"['full', 'getattr_2']","[ones_like, masked_fill__1, getitem_2]"
[[1]],[True],True,"(1,)",,gt_1,"{'nn_module_stack': OrderedDict({'model': ('model', <class 'transformers.models.qwen2.modeling_qwen2.Qwen2Model'>)})}",model,True,0,['sub'],[]
[[1]],[True],True,"(1,)",,sub_1,"{'nn_module_stack': OrderedDict({'model': ('model', <class 'transformers.models.qwen2.modeling_qwen2.Qwen2Model'>)})}",model,True,0,['sub'],[add_3]
[[1]],[True],True,"(1,)",,add_3,"{'nn_module_stack': OrderedDict({'model': ('model', <class 'transformers.models.qwen2.modeling_qwen2.Qwen2Model'>)})}",model,True,0,['sub_1'],[triu]
"[[512, 512]]",[True],True,"(512, 512)",torch.int32,ones_like,"{'nn_module_stack': OrderedDict({'model': ('model', <class 'transformers.models.qwen2.modeling_qwen2.Qwen2Model'>)})}",model,True,0,['to'],[triu]
"[[512, 512], [1]]","[True, True]",True,"(512, 512)",torch.int32,triu,"{'nn_module_stack': OrderedDict({'model': ('model', <class 'transformers.models.qwen2.modeling_qwen2.Qwen2Model'>)})}",model,True,0,"['ones_like', 'add_3']",[sub_2]
"[[512, 512]]",[True],True,"(512, 512)",torch.int32,sub_2,"{'nn_module_stack': OrderedDict({'model': ('model', <class 'transformers.models.qwen2.modeling_qwen2.Qwen2Model'>)})}",model,True,0,['triu'],[bool_1]
"[[512, 512]]",[True],True,"(512, 512)",torch.bool,bool_1,"{'nn_module_stack': OrderedDict({'model': ('model', <class 'transformers.models.qwen2.modeling_qwen2.Qwen2Model'>)})}",model,True,0,['sub_2'],[masked_fill__1]
[[1]],[True],True,"(1,)",,finfo_1,"{'nn_module_stack': OrderedDict({'model': ('model', <class 'transformers.models.qwen2.modeling_qwen2.Qwen2Model'>)})}",model,True,0,['getattr_2'],[getattr_5]
[[1]],[True],True,"(1,)",,getattr_5,"{'nn_module_stack': OrderedDict({'model': ('model', <class 'transformers.models.qwen2.modeling_qwen2.Qwen2Model'>)})}",model,True,0,['finfo_1'],[masked_fill__1]
"[[512, 512], [512, 512], [1]]","[True, True, True]",True,"(512, 512)",torch.float32,masked_fill__1,"{'nn_module_stack': OrderedDict({'model': ('model', <class 'transformers.models.qwen2.modeling_qwen2.Qwen2Model'>)})}",model,True,0,"['to', 'bool_1', 'getattr_5']",[]
"[[512, 512]]",[True],True,"(1, 1, 512, 512)",torch.float32,getitem_2,"{'nn_module_stack': OrderedDict({'model': ('model', <class 'transformers.models.qwen2.modeling_qwen2.Qwen2Model'>)})}",model,True,0,['to'],[expand]
"[[1], [1]]","[True, True]",True,"(1,)",,add_4,"{'nn_module_stack': OrderedDict({'model': ('model', <class 'transformers.models.qwen2.modeling_qwen2.Qwen2Model'>)})}",model,True,0,"['getitem_1', 'sub']",[expand]
"[[1, 1, 512, 512], [1], [1], [1]]","[True, True, True, True]",False,"(4, 1, 512, 512)",torch.float32,expand,"{'nn_module_stack': OrderedDict({'model': ('model', <class 'transformers.models.qwen2.modeling_qwen2.Qwen2Model'>)})}",model,True,0,"['getitem_2', 'getitem', 'getitem_1', 'add_4']","[size_13, add_13]"
"[[4, 512, 5120]]",[True],True,"(4, 512, 5120)",torch.float32,to_1,"{'nn_module_stack': OrderedDict({'model': ('model', <class 'transformers.models.qwen2.modeling_qwen2.Qwen2Model'>), 'model.layers.0': ('model.layers.0', <class 'transformers.models.qwen2.modeling_qwen2.Qwen2DecoderLayer'>), 'model.layers.0.input_layernorm': ('model.layers.0.input_layernorm', <class 'transformers.models.qwen2.modeling_qwen2.Qwen2RMSNorm'>)})}",model.layers.0.input_layernorm,False,0,['model_embed_tokens'],"[pow_1, mul]"
"[[4, 512, 5120]]",[True],True,"(4, 512, 5120)",torch.float32,pow_1,"{'nn_module_stack': OrderedDict({'model': ('model', <class 'transformers.models.qwen2.modeling_qwen2.Qwen2Model'>), 'model.layers.0': ('model.layers.0', <class 'transformers.models.qwen2.modeling_qwen2.Qwen2DecoderLayer'>), 'model.layers.0.input_layernorm': ('model.layers.0.input_layernorm', <class 'transformers.models.qwen2.modeling_qwen2.Qwen2RMSNorm'>)})}",model.layers.0.input_layernorm,False,0,['to_1'],[mean]
"[[4, 512, 5120]]",[True],True,"(4, 512, 1)",torch.float32,mean,"{'nn_module_stack': OrderedDict({'model': ('model', <class 'transformers.models.qwen2.modeling_qwen2.Qwen2Model'>), 'model.layers.0': ('model.layers.0', <class 'transformers.models.qwen2.modeling_qwen2.Qwen2DecoderLayer'>), 'model.layers.0.input_layernorm': ('model.layers.0.input_layernorm', <class 'transformers.models.qwen2.modeling_qwen2.Qwen2RMSNorm'>)})}",model.layers.0.input_layernorm,False,0,['pow_1'],[add_5]
"[[4, 512, 1]]",[True],True,"(4, 512, 1)",torch.float32,add_5,"{'nn_module_stack': OrderedDict({'model': ('model', <class 'transformers.models.qwen2.modeling_qwen2.Qwen2Model'>), 'model.layers.0': ('model.layers.0', <class 'transformers.models.qwen2.modeling_qwen2.Qwen2DecoderLayer'>), 'model.layers.0.input_layernorm': ('model.layers.0.input_layernorm', <class 'transformers.models.qwen2.modeling_qwen2.Qwen2RMSNorm'>)})}",model.layers.0.input_layernorm,False,0,['mean'],[rsqrt]
"[[4, 512, 1]]",[True],True,"(4, 512, 1)",torch.float32,rsqrt,"{'nn_module_stack': OrderedDict({'model': ('model', <class 'transformers.models.qwen2.modeling_qwen2.Qwen2Model'>), 'model.layers.0': ('model.layers.0', <class 'transformers.models.qwen2.modeling_qwen2.Qwen2DecoderLayer'>), 'model.layers.0.input_layernorm': ('model.layers.0.input_layernorm', <class 'transformers.models.qwen2.modeling_qwen2.Qwen2RMSNorm'>)})}",model.layers.0.input_layernorm,False,0,['add_5'],[mul]
"[[4, 512, 5120], [4, 512, 1]]","[True, True]",True,"(4, 512, 5120)",torch.float32,mul,"{'nn_module_stack': OrderedDict({'model': ('model', <class 'transformers.models.qwen2.modeling_qwen2.Qwen2Model'>), 'model.layers.0': ('model.layers.0', <class 'transformers.models.qwen2.modeling_qwen2.Qwen2DecoderLayer'>), 'model.layers.0.input_layernorm': ('model.layers.0.input_layernorm', <class 'transformers.models.qwen2.modeling_qwen2.Qwen2RMSNorm'>)})}",model.layers.0.input_layernorm,False,0,"['to_1', 'rsqrt']",[to_2]
[],[],True,"(5120,)",torch.float32,model_layers_0_input_layernorm_weight,"{'nn_module_stack': OrderedDict({'model': ('model', <class 'transformers.models.qwen2.modeling_qwen2.Qwen2Model'>), 'model.layers.0': ('model.layers.0', <class 'transformers.models.qwen2.modeling_qwen2.Qwen2DecoderLayer'>), 'model.layers.0.input_layernorm': ('model.layers.0.input_layernorm', <class 'transformers.models.qwen2.modeling_qwen2.Qwen2RMSNorm'>)})}",model.layers.0.input_layernorm,False,0,[],[mul_1]
"[[4, 512, 5120]]",[True],True,"(1,)",,getattr_6,"{'nn_module_stack': OrderedDict({'model': ('model', <class 'transformers.models.qwen2.modeling_qwen2.Qwen2Model'>), 'model.layers.0': ('model.layers.0', <class 'transformers.models.qwen2.modeling_qwen2.Qwen2DecoderLayer'>), 'model.layers.0.input_layernorm': ('model.layers.0.input_layernorm', <class 'transformers.models.qwen2.modeling_qwen2.Qwen2RMSNorm'>)})}",model.layers.0.input_layernorm,False,0,['model_embed_tokens'],[to_2]
"[[4, 512, 5120], [1]]","[True, True]",True,"(4, 512, 5120)",torch.float32,to_2,"{'nn_module_stack': OrderedDict({'model': ('model', <class 'transformers.models.qwen2.modeling_qwen2.Qwen2Model'>), 'model.layers.0': ('model.layers.0', <class 'transformers.models.qwen2.modeling_qwen2.Qwen2DecoderLayer'>), 'model.layers.0.input_layernorm': ('model.layers.0.input_layernorm', <class 'transformers.models.qwen2.modeling_qwen2.Qwen2RMSNorm'>)})}",model.layers.0.input_layernorm,False,0,"['mul', 'getattr_6']",[mul_1]
"[[5120], [4, 512, 5120]]","[True, True]",True,"(4, 512, 5120)",torch.float32,mul_1,"{'nn_module_stack': OrderedDict({'model': ('model', <class 'transformers.models.qwen2.modeling_qwen2.Qwen2Model'>), 'model.layers.0': ('model.layers.0', <class 'transformers.models.qwen2.modeling_qwen2.Qwen2DecoderLayer'>), 'model.layers.0.input_layernorm': ('model.layers.0.input_layernorm', <class 'transformers.models.qwen2.modeling_qwen2.Qwen2RMSNorm'>)})}",model.layers.0.input_layernorm,False,0,"['model_layers_0_input_layernorm_weight', 'to_2']","[size_3, model_layers_0_self_attn_q_proj_base_layer, to_3, model_layers_0_self_attn_k_proj_base_layer, to_5, model_layers_0_self_attn_v_proj_base_layer, to_7]"
"[[4, 512, 5120]]",[True],True,"(1,)",,size_3,"{'nn_module_stack': OrderedDict({'model': ('model', <class 'transformers.models.qwen2.modeling_qwen2.Qwen2Model'>), 'model.layers.0': ('model.layers.0', <class 'transformers.models.qwen2.modeling_qwen2.Qwen2DecoderLayer'>), 'model.layers.0.self_attn': ('model.layers.0.self_attn', <class 'transformers.models.qwen2.modeling_qwen2.Qwen2Attention'>)})}",model.layers.0.self_attn,True,0,['mul_1'],"[getitem_3, getitem_4, getitem_5]"
[[1]],[True],True,"(1,)",,getitem_3,"{'nn_module_stack': OrderedDict({'model': ('model', <class 'transformers.models.qwen2.modeling_qwen2.Qwen2Model'>), 'model.layers.0': ('model.layers.0', <class 'transformers.models.qwen2.modeling_qwen2.Qwen2DecoderLayer'>), 'model.layers.0.self_attn': ('model.layers.0.self_attn', <class 'transformers.models.qwen2.modeling_qwen2.Qwen2Attention'>)})}",model.layers.0.self_attn,True,0,['size_3'],"[view_2, view_3, view_4, ne, ne_1, ne_2, reshape_2]"
[[1]],[True],True,"(1,)",,getitem_4,"{'nn_module_stack': OrderedDict({'model': ('model', <class 'transformers.models.qwen2.modeling_qwen2.Qwen2Model'>), 'model.layers.0': ('model.layers.0', <class 'transformers.models.qwen2.modeling_qwen2.Qwen2DecoderLayer'>), 'model.layers.0.self_attn': ('model.layers.0.self_attn', <class 'transformers.models.qwen2.modeling_qwen2.Qwen2Attention'>)})}",model.layers.0.self_attn,True,0,['size_3'],"[view_2, view_3, view_4, ne, ne_1, ne_2, reshape_2]"
[[1]],[True],True,"(1,)",,getitem_5,"{'nn_module_stack': OrderedDict({'model': ('model', <class 'transformers.models.qwen2.modeling_qwen2.Qwen2Model'>), 'model.layers.0': ('model.layers.0', <class 'transformers.models.qwen2.modeling_qwen2.Qwen2DecoderLayer'>), 'model.layers.0.self_attn': ('model.layers.0.self_attn', <class 'transformers.models.qwen2.modeling_qwen2.Qwen2Attention'>)})}",model.layers.0.self_attn,True,0,['size_3'],[]
"[[4, 512, 5120]]",[True],True,"(4, 512, 5120)",torch.float32,model_layers_0_self_attn_q_proj_base_layer,"{'nn_module_stack': OrderedDict({'model': ('model', <class 'transformers.models.qwen2.modeling_qwen2.Qwen2Model'>), 'model.layers.0': ('model.layers.0', <class 'transformers.models.qwen2.modeling_qwen2.Qwen2DecoderLayer'>), 'model.layers.0.self_attn': ('model.layers.0.self_attn', <class 'transformers.models.qwen2.modeling_qwen2.Qwen2Attention'>), 'model.layers.0.self_attn.q_proj': ('model.layers.0.self_attn.q_proj', <class 'peft.tuners.lora.layer.Linear'>), 'model.layers.0.self_attn.q_proj.base_layer': ('model.layers.0.self_attn.q_proj.base_layer', <class 'torch.nn.modules.linear.Linear'>)})}",model.layers.0.self_attn.q_proj.base_layer,False,0,['mul_1'],"[add_6, getattr_8]"
[],[],True,"(10, 5120)",torch.float32,model_layers_0_self_attn_q_proj_lora_a_default_weight,"{'nn_module_stack': OrderedDict({'model': ('model', <class 'transformers.models.qwen2.modeling_qwen2.Qwen2Model'>), 'model.layers.0': ('model.layers.0', <class 'transformers.models.qwen2.modeling_qwen2.Qwen2DecoderLayer'>), 'model.layers.0.self_attn': ('model.layers.0.self_attn', <class 'transformers.models.qwen2.modeling_qwen2.Qwen2Attention'>), 'model.layers.0.self_attn.q_proj': ('model.layers.0.self_attn.q_proj', <class 'peft.tuners.lora.layer.Linear'>)})}",model.layers.0.self_attn.q_proj,True,0,[],[getattr_7]
"[[10, 5120]]",[True],True,"(1,)",,getattr_7,"{'nn_module_stack': OrderedDict({'model': ('model', <class 'transformers.models.qwen2.modeling_qwen2.Qwen2Model'>), 'model.layers.0': ('model.layers.0', <class 'transformers.models.qwen2.modeling_qwen2.Qwen2DecoderLayer'>), 'model.layers.0.self_attn': ('model.layers.0.self_attn', <class 'transformers.models.qwen2.modeling_qwen2.Qwen2Attention'>), 'model.layers.0.self_attn.q_proj': ('model.layers.0.self_attn.q_proj', <class 'peft.tuners.lora.layer.Linear'>)})}",model.layers.0.self_attn.q_proj,True,0,['model_layers_0_self_attn_q_proj_lora_a_default_weight'],[to_3]
"[[4, 512, 5120], [1]]","[True, True]",True,"(4, 512, 5120)",torch.float32,to_3,"{'nn_module_stack': OrderedDict({'model': ('model', <class 'transformers.models.qwen2.modeling_qwen2.Qwen2Model'>), 'model.layers.0': ('model.layers.0', <class 'transformers.models.qwen2.modeling_qwen2.Qwen2DecoderLayer'>), 'model.layers.0.self_attn': ('model.layers.0.self_attn', <class 'transformers.models.qwen2.modeling_qwen2.Qwen2Attention'>), 'model.layers.0.self_attn.q_proj': ('model.layers.0.self_attn.q_proj', <class 'peft.tuners.lora.layer.Linear'>)})}",model.layers.0.self_attn.q_proj,True,0,"['mul_1', 'getattr_7']",[model_layers_0_self_attn_q_proj_lora_dropout_default]
"[[4, 512, 5120]]",[True],True,"(4, 512, 5120)",torch.float32,model_layers_0_self_attn_q_proj_lora_dropout_default,"{'nn_module_stack': OrderedDict({'model': ('model', <class 'transformers.models.qwen2.modeling_qwen2.Qwen2Model'>), 'model.layers.0': ('model.layers.0', <class 'transformers.models.qwen2.modeling_qwen2.Qwen2DecoderLayer'>), 'model.layers.0.self_attn': ('model.layers.0.self_attn', <class 'transformers.models.qwen2.modeling_qwen2.Qwen2Attention'>), 'model.layers.0.self_attn.q_proj': ('model.layers.0.self_attn.q_proj', <class 'peft.tuners.lora.layer.Linear'>), 'model.layers.0.self_attn.q_proj.lora_dropout.default': ('model.layers.0.self_attn.q_proj.lora_dropout.default', <class 'torch.nn.modules.linear.Identity'>)})}",model.layers.0.self_attn.q_proj.lora_dropout.default,True,0,['to_3'],[model_layers_0_self_attn_q_proj_lora_a_default]
"[[4, 512, 5120]]",[True],True,"(4, 512, 10)",torch.float32,model_layers_0_self_attn_q_proj_lora_a_default,"{'nn_module_stack': OrderedDict({'model': ('model', <class 'transformers.models.qwen2.modeling_qwen2.Qwen2Model'>), 'model.layers.0': ('model.layers.0', <class 'transformers.models.qwen2.modeling_qwen2.Qwen2DecoderLayer'>), 'model.layers.0.self_attn': ('model.layers.0.self_attn', <class 'transformers.models.qwen2.modeling_qwen2.Qwen2Attention'>), 'model.layers.0.self_attn.q_proj': ('model.layers.0.self_attn.q_proj', <class 'peft.tuners.lora.layer.Linear'>), 'model.layers.0.self_attn.q_proj.lora_A.default': ('model.layers.0.self_attn.q_proj.lora_A.default', <class 'torch.nn.modules.linear.Linear'>)})}",model.layers.0.self_attn.q_proj.lora_A.default,True,0,['model_layers_0_self_attn_q_proj_lora_dropout_default'],[model_layers_0_self_attn_q_proj_lora_b_default]
"[[4, 512, 10]]",[True],True,"(4, 512, 5120)",torch.float32,model_layers_0_self_attn_q_proj_lora_b_default,"{'nn_module_stack': OrderedDict({'model': ('model', <class 'transformers.models.qwen2.modeling_qwen2.Qwen2Model'>), 'model.layers.0': ('model.layers.0', <class 'transformers.models.qwen2.modeling_qwen2.Qwen2DecoderLayer'>), 'model.layers.0.self_attn': ('model.layers.0.self_attn', <class 'transformers.models.qwen2.modeling_qwen2.Qwen2Attention'>), 'model.layers.0.self_attn.q_proj': ('model.layers.0.self_attn.q_proj', <class 'peft.tuners.lora.layer.Linear'>), 'model.layers.0.self_attn.q_proj.lora_B.default': ('model.layers.0.self_attn.q_proj.lora_B.default', <class 'torch.nn.modules.linear.Linear'>)})}",model.layers.0.self_attn.q_proj.lora_B.default,True,0,['model_layers_0_self_attn_q_proj_lora_a_default'],[mul_2]
"[[4, 512, 5120]]",[True],True,"(4, 512, 5120)",torch.float32,mul_2,"{'nn_module_stack': OrderedDict({'model': ('model', <class 'transformers.models.qwen2.modeling_qwen2.Qwen2Model'>), 'model.layers.0': ('model.layers.0', <class 'transformers.models.qwen2.modeling_qwen2.Qwen2DecoderLayer'>), 'model.layers.0.self_attn': ('model.layers.0.self_attn', <class 'transformers.models.qwen2.modeling_qwen2.Qwen2Attention'>), 'model.layers.0.self_attn.q_proj': ('model.layers.0.self_attn.q_proj', <class 'peft.tuners.lora.layer.Linear'>)})}",model.layers.0.self_attn.q_proj,True,0,['model_layers_0_self_attn_q_proj_lora_b_default'],[add_6]
"[[4, 512, 5120], [4, 512, 5120]]","[True, True]",True,"(4, 512, 5120)",torch.float32,add_6,"{'nn_module_stack': OrderedDict({'model': ('model', <class 'transformers.models.qwen2.modeling_qwen2.Qwen2Model'>), 'model.layers.0': ('model.layers.0', <class 'transformers.models.qwen2.modeling_qwen2.Qwen2DecoderLayer'>), 'model.layers.0.self_attn': ('model.layers.0.self_attn', <class 'transformers.models.qwen2.modeling_qwen2.Qwen2Attention'>), 'model.layers.0.self_attn.q_proj': ('model.layers.0.self_attn.q_proj', <class 'peft.tuners.lora.layer.Linear'>)})}",model.layers.0.self_attn.q_proj,True,0,"['model_layers_0_self_attn_q_proj_base_layer', 'mul_2']",[to_4]
"[[4, 512, 5120]]",[True],True,"(1,)",,getattr_8,"{'nn_module_stack': OrderedDict({'model': ('model', <class 'transformers.models.qwen2.modeling_qwen2.Qwen2Model'>), 'model.layers.0': ('model.layers.0', <class 'transformers.models.qwen2.modeling_qwen2.Qwen2DecoderLayer'>), 'model.layers.0.self_attn': ('model.layers.0.self_attn', <class 'transformers.models.qwen2.modeling_qwen2.Qwen2Attention'>), 'model.layers.0.self_attn.q_proj': ('model.layers.0.self_attn.q_proj', <class 'peft.tuners.lora.layer.Linear'>)})}",model.layers.0.self_attn.q_proj,True,0,['model_layers_0_self_attn_q_proj_base_layer'],[to_4]
"[[4, 512, 5120], [1]]","[True, True]",True,"(4, 512, 5120)",torch.float32,to_4,"{'nn_module_stack': OrderedDict({'model': ('model', <class 'transformers.models.qwen2.modeling_qwen2.Qwen2Model'>), 'model.layers.0': ('model.layers.0', <class 'transformers.models.qwen2.modeling_qwen2.Qwen2DecoderLayer'>), 'model.layers.0.self_attn': ('model.layers.0.self_attn', <class 'transformers.models.qwen2.modeling_qwen2.Qwen2Attention'>), 'model.layers.0.self_attn.q_proj': ('model.layers.0.self_attn.q_proj', <class 'peft.tuners.lora.layer.Linear'>)})}",model.layers.0.self_attn.q_proj,True,0,"['add_6', 'getattr_8']",[view_2]
"[[4, 512, 5120]]",[True],True,"(4, 512, 1024)",torch.float32,model_layers_0_self_attn_k_proj_base_layer,"{'nn_module_stack': OrderedDict({'model': ('model', <class 'transformers.models.qwen2.modeling_qwen2.Qwen2Model'>), 'model.layers.0': ('model.layers.0', <class 'transformers.models.qwen2.modeling_qwen2.Qwen2DecoderLayer'>), 'model.layers.0.self_attn': ('model.layers.0.self_attn', <class 'transformers.models.qwen2.modeling_qwen2.Qwen2Attention'>), 'model.layers.0.self_attn.k_proj': ('model.layers.0.self_attn.k_proj', <class 'peft.tuners.lora.layer.Linear'>), 'model.layers.0.self_attn.k_proj.base_layer': ('model.layers.0.self_attn.k_proj.base_layer', <class 'torch.nn.modules.linear.Linear'>)})}",model.layers.0.self_attn.k_proj.base_layer,False,0,['mul_1'],"[add_7, getattr_10]"
[],[],True,"(10, 5120)",torch.float32,model_layers_0_self_attn_k_proj_lora_a_default_weight,"{'nn_module_stack': OrderedDict({'model': ('model', <class 'transformers.models.qwen2.modeling_qwen2.Qwen2Model'>), 'model.layers.0': ('model.layers.0', <class 'transformers.models.qwen2.modeling_qwen2.Qwen2DecoderLayer'>), 'model.layers.0.self_attn': ('model.layers.0.self_attn', <class 'transformers.models.qwen2.modeling_qwen2.Qwen2Attention'>), 'model.layers.0.self_attn.k_proj': ('model.layers.0.self_attn.k_proj', <class 'peft.tuners.lora.layer.Linear'>)})}",model.layers.0.self_attn.k_proj,True,0,[],[getattr_9]
"[[10, 5120]]",[True],True,"(1,)",,getattr_9,"{'nn_module_stack': OrderedDict({'model': ('model', <class 'transformers.models.qwen2.modeling_qwen2.Qwen2Model'>), 'model.layers.0': ('model.layers.0', <class 'transformers.models.qwen2.modeling_qwen2.Qwen2DecoderLayer'>), 'model.layers.0.self_attn': ('model.layers.0.self_attn', <class 'transformers.models.qwen2.modeling_qwen2.Qwen2Attention'>), 'model.layers.0.self_attn.k_proj': ('model.layers.0.self_attn.k_proj', <class 'peft.tuners.lora.layer.Linear'>)})}",model.layers.0.self_attn.k_proj,True,0,['model_layers_0_self_attn_k_proj_lora_a_default_weight'],[to_5]
"[[4, 512, 5120], [1]]","[True, True]",True,"(4, 512, 5120)",torch.float32,to_5,"{'nn_module_stack': OrderedDict({'model': ('model', <class 'transformers.models.qwen2.modeling_qwen2.Qwen2Model'>), 'model.layers.0': ('model.layers.0', <class 'transformers.models.qwen2.modeling_qwen2.Qwen2DecoderLayer'>), 'model.layers.0.self_attn': ('model.layers.0.self_attn', <class 'transformers.models.qwen2.modeling_qwen2.Qwen2Attention'>), 'model.layers.0.self_attn.k_proj': ('model.layers.0.self_attn.k_proj', <class 'peft.tuners.lora.layer.Linear'>)})}",model.layers.0.self_attn.k_proj,True,0,"['mul_1', 'getattr_9']",[model_layers_0_self_attn_k_proj_lora_dropout_default]
"[[4, 512, 5120]]",[True],True,"(4, 512, 5120)",torch.float32,model_layers_0_self_attn_k_proj_lora_dropout_default,"{'nn_module_stack': OrderedDict({'model': ('model', <class 'transformers.models.qwen2.modeling_qwen2.Qwen2Model'>), 'model.layers.0': ('model.layers.0', <class 'transformers.models.qwen2.modeling_qwen2.Qwen2DecoderLayer'>), 'model.layers.0.self_attn': ('model.layers.0.self_attn', <class 'transformers.models.qwen2.modeling_qwen2.Qwen2Attention'>), 'model.layers.0.self_attn.k_proj': ('model.layers.0.self_attn.k_proj', <class 'peft.tuners.lora.layer.Linear'>), 'model.layers.0.self_attn.k_proj.lora_dropout.default': ('model.layers.0.self_attn.k_proj.lora_dropout.default', <class 'torch.nn.modules.linear.Identity'>)})}",model.layers.0.self_attn.k_proj.lora_dropout.default,True,0,['to_5'],[model_layers_0_self_attn_k_proj_lora_a_default]
"[[4, 512, 5120]]",[True],True,"(4, 512, 10)",torch.float32,model_layers_0_self_attn_k_proj_lora_a_default,"{'nn_module_stack': OrderedDict({'model': ('model', <class 'transformers.models.qwen2.modeling_qwen2.Qwen2Model'>), 'model.layers.0': ('model.layers.0', <class 'transformers.models.qwen2.modeling_qwen2.Qwen2DecoderLayer'>), 'model.layers.0.self_attn': ('model.layers.0.self_attn', <class 'transformers.models.qwen2.modeling_qwen2.Qwen2Attention'>), 'model.layers.0.self_attn.k_proj': ('model.layers.0.self_attn.k_proj', <class 'peft.tuners.lora.layer.Linear'>), 'model.layers.0.self_attn.k_proj.lora_A.default': ('model.layers.0.self_attn.k_proj.lora_A.default', <class 'torch.nn.modules.linear.Linear'>)})}",model.layers.0.self_attn.k_proj.lora_A.default,True,0,['model_layers_0_self_attn_k_proj_lora_dropout_default'],[model_layers_0_self_attn_k_proj_lora_b_default]
"[[4, 512, 10]]",[True],True,"(4, 512, 1024)",torch.float32,model_layers_0_self_attn_k_proj_lora_b_default,"{'nn_module_stack': OrderedDict({'model': ('model', <class 'transformers.models.qwen2.modeling_qwen2.Qwen2Model'>), 'model.layers.0': ('model.layers.0', <class 'transformers.models.qwen2.modeling_qwen2.Qwen2DecoderLayer'>), 'model.layers.0.self_attn': ('model.layers.0.self_attn', <class 'transformers.models.qwen2.modeling_qwen2.Qwen2Attention'>), 'model.layers.0.self_attn.k_proj': ('model.layers.0.self_attn.k_proj', <class 'peft.tuners.lora.layer.Linear'>), 'model.layers.0.self_attn.k_proj.lora_B.default': ('model.layers.0.self_attn.k_proj.lora_B.default', <class 'torch.nn.modules.linear.Linear'>)})}",model.layers.0.self_attn.k_proj.lora_B.default,True,0,['model_layers_0_self_attn_k_proj_lora_a_default'],[mul_3]
"[[4, 512, 1024]]",[True],True,"(4, 512, 1024)",torch.float32,mul_3,"{'nn_module_stack': OrderedDict({'model': ('model', <class 'transformers.models.qwen2.modeling_qwen2.Qwen2Model'>), 'model.layers.0': ('model.layers.0', <class 'transformers.models.qwen2.modeling_qwen2.Qwen2DecoderLayer'>), 'model.layers.0.self_attn': ('model.layers.0.self_attn', <class 'transformers.models.qwen2.modeling_qwen2.Qwen2Attention'>), 'model.layers.0.self_attn.k_proj': ('model.layers.0.self_attn.k_proj', <class 'peft.tuners.lora.layer.Linear'>)})}",model.layers.0.self_attn.k_proj,True,0,['model_layers_0_self_attn_k_proj_lora_b_default'],[add_7]
"[[4, 512, 1024], [4, 512, 1024]]","[True, True]",True,"(4, 512, 1024)",torch.float32,add_7,"{'nn_module_stack': OrderedDict({'model': ('model', <class 'transformers.models.qwen2.modeling_qwen2.Qwen2Model'>), 'model.layers.0': ('model.layers.0', <class 'transformers.models.qwen2.modeling_qwen2.Qwen2DecoderLayer'>), 'model.layers.0.self_attn': ('model.layers.0.self_attn', <class 'transformers.models.qwen2.modeling_qwen2.Qwen2Attention'>), 'model.layers.0.self_attn.k_proj': ('model.layers.0.self_attn.k_proj', <class 'peft.tuners.lora.layer.Linear'>)})}",model.layers.0.self_attn.k_proj,True,0,"['model_layers_0_self_attn_k_proj_base_layer', 'mul_3']",[to_6]
"[[4, 512, 1024]]",[True],True,"(1,)",,getattr_10,"{'nn_module_stack': OrderedDict({'model': ('model', <class 'transformers.models.qwen2.modeling_qwen2.Qwen2Model'>), 'model.layers.0': ('model.layers.0', <class 'transformers.models.qwen2.modeling_qwen2.Qwen2DecoderLayer'>), 'model.layers.0.self_attn': ('model.layers.0.self_attn', <class 'transformers.models.qwen2.modeling_qwen2.Qwen2Attention'>), 'model.layers.0.self_attn.k_proj': ('model.layers.0.self_attn.k_proj', <class 'peft.tuners.lora.layer.Linear'>)})}",model.layers.0.self_attn.k_proj,True,0,['model_layers_0_self_attn_k_proj_base_layer'],[to_6]
"[[4, 512, 1024], [1]]","[True, True]",True,"(4, 512, 1024)",torch.float32,to_6,"{'nn_module_stack': OrderedDict({'model': ('model', <class 'transformers.models.qwen2.modeling_qwen2.Qwen2Model'>), 'model.layers.0': ('model.layers.0', <class 'transformers.models.qwen2.modeling_qwen2.Qwen2DecoderLayer'>), 'model.layers.0.self_attn': ('model.layers.0.self_attn', <class 'transformers.models.qwen2.modeling_qwen2.Qwen2Attention'>), 'model.layers.0.self_attn.k_proj': ('model.layers.0.self_attn.k_proj', <class 'peft.tuners.lora.layer.Linear'>)})}",model.layers.0.self_attn.k_proj,True,0,"['add_7', 'getattr_10']",[view_3]
"[[4, 512, 5120]]",[True],True,"(4, 512, 1024)",torch.float32,model_layers_0_self_attn_v_proj_base_layer,"{'nn_module_stack': OrderedDict({'model': ('model', <class 'transformers.models.qwen2.modeling_qwen2.Qwen2Model'>), 'model.layers.0': ('model.layers.0', <class 'transformers.models.qwen2.modeling_qwen2.Qwen2DecoderLayer'>), 'model.layers.0.self_attn': ('model.layers.0.self_attn', <class 'transformers.models.qwen2.modeling_qwen2.Qwen2Attention'>), 'model.layers.0.self_attn.v_proj': ('model.layers.0.self_attn.v_proj', <class 'peft.tuners.lora.layer.Linear'>), 'model.layers.0.self_attn.v_proj.base_layer': ('model.layers.0.self_attn.v_proj.base_layer', <class 'torch.nn.modules.linear.Linear'>)})}",model.layers.0.self_attn.v_proj.base_layer,False,0,['mul_1'],"[add_8, getattr_12]"
[],[],True,"(10, 5120)",torch.float32,model_layers_0_self_attn_v_proj_lora_a_default_weight,"{'nn_module_stack': OrderedDict({'model': ('model', <class 'transformers.models.qwen2.modeling_qwen2.Qwen2Model'>), 'model.layers.0': ('model.layers.0', <class 'transformers.models.qwen2.modeling_qwen2.Qwen2DecoderLayer'>), 'model.layers.0.self_attn': ('model.layers.0.self_attn', <class 'transformers.models.qwen2.modeling_qwen2.Qwen2Attention'>), 'model.layers.0.self_attn.v_proj': ('model.layers.0.self_attn.v_proj', <class 'peft.tuners.lora.layer.Linear'>)})}",model.layers.0.self_attn.v_proj,True,0,[],[getattr_11]
"[[10, 5120]]",[True],True,"(1,)",,getattr_11,"{'nn_module_stack': OrderedDict({'model': ('model', <class 'transformers.models.qwen2.modeling_qwen2.Qwen2Model'>), 'model.layers.0': ('model.layers.0', <class 'transformers.models.qwen2.modeling_qwen2.Qwen2DecoderLayer'>), 'model.layers.0.self_attn': ('model.layers.0.self_attn', <class 'transformers.models.qwen2.modeling_qwen2.Qwen2Attention'>), 'model.layers.0.self_attn.v_proj': ('model.layers.0.self_attn.v_proj', <class 'peft.tuners.lora.layer.Linear'>)})}",model.layers.0.self_attn.v_proj,True,0,['model_layers_0_self_attn_v_proj_lora_a_default_weight'],[to_7]
"[[4, 512, 5120], [1]]","[True, True]",True,"(4, 512, 5120)",torch.float32,to_7,"{'nn_module_stack': OrderedDict({'model': ('model', <class 'transformers.models.qwen2.modeling_qwen2.Qwen2Model'>), 'model.layers.0': ('model.layers.0', <class 'transformers.models.qwen2.modeling_qwen2.Qwen2DecoderLayer'>), 'model.layers.0.self_attn': ('model.layers.0.self_attn', <class 'transformers.models.qwen2.modeling_qwen2.Qwen2Attention'>), 'model.layers.0.self_attn.v_proj': ('model.layers.0.self_attn.v_proj', <class 'peft.tuners.lora.layer.Linear'>)})}",model.layers.0.self_attn.v_proj,True,0,"['mul_1', 'getattr_11']",[model_layers_0_self_attn_v_proj_lora_dropout_default]
"[[4, 512, 5120]]",[True],True,"(4, 512, 5120)",torch.float32,model_layers_0_self_attn_v_proj_lora_dropout_default,"{'nn_module_stack': OrderedDict({'model': ('model', <class 'transformers.models.qwen2.modeling_qwen2.Qwen2Model'>), 'model.layers.0': ('model.layers.0', <class 'transformers.models.qwen2.modeling_qwen2.Qwen2DecoderLayer'>), 'model.layers.0.self_attn': ('model.layers.0.self_attn', <class 'transformers.models.qwen2.modeling_qwen2.Qwen2Attention'>), 'model.layers.0.self_attn.v_proj': ('model.layers.0.self_attn.v_proj', <class 'peft.tuners.lora.layer.Linear'>), 'model.layers.0.self_attn.v_proj.lora_dropout.default': ('model.layers.0.self_attn.v_proj.lora_dropout.default', <class 'torch.nn.modules.linear.Identity'>)})}",model.layers.0.self_attn.v_proj.lora_dropout.default,True,0,['to_7'],[model_layers_0_self_attn_v_proj_lora_a_default]
"[[4, 512, 5120]]",[True],True,"(4, 512, 10)",torch.float32,model_layers_0_self_attn_v_proj_lora_a_default,"{'nn_module_stack': OrderedDict({'model': ('model', <class 'transformers.models.qwen2.modeling_qwen2.Qwen2Model'>), 'model.layers.0': ('model.layers.0', <class 'transformers.models.qwen2.modeling_qwen2.Qwen2DecoderLayer'>), 'model.layers.0.self_attn': ('model.layers.0.self_attn', <class 'transformers.models.qwen2.modeling_qwen2.Qwen2Attention'>), 'model.layers.0.self_attn.v_proj': ('model.layers.0.self_attn.v_proj', <class 'peft.tuners.lora.layer.Linear'>), 'model.layers.0.self_attn.v_proj.lora_A.default': ('model.layers.0.self_attn.v_proj.lora_A.default', <class 'torch.nn.modules.linear.Linear'>)})}",model.layers.0.self_attn.v_proj.lora_A.default,True,0,['model_layers_0_self_attn_v_proj_lora_dropout_default'],[model_layers_0_self_attn_v_proj_lora_b_default]
"[[4, 512, 10]]",[True],True,"(4, 512, 1024)",torch.float32,model_layers_0_self_attn_v_proj_lora_b_default,"{'nn_module_stack': OrderedDict({'model': ('model', <class 'transformers.models.qwen2.modeling_qwen2.Qwen2Model'>), 'model.layers.0': ('model.layers.0', <class 'transformers.models.qwen2.modeling_qwen2.Qwen2DecoderLayer'>), 'model.layers.0.self_attn': ('model.layers.0.self_attn', <class 'transformers.models.qwen2.modeling_qwen2.Qwen2Attention'>), 'model.layers.0.self_attn.v_proj': ('model.layers.0.self_attn.v_proj', <class 'peft.tuners.lora.layer.Linear'>), 'model.layers.0.self_attn.v_proj.lora_B.default': ('model.layers.0.self_attn.v_proj.lora_B.default', <class 'torch.nn.modules.linear.Linear'>)})}",model.layers.0.self_attn.v_proj.lora_B.default,True,0,['model_layers_0_self_attn_v_proj_lora_a_default'],[mul_4]
"[[4, 512, 1024]]",[True],True,"(4, 512, 1024)",torch.float32,mul_4,"{'nn_module_stack': OrderedDict({'model': ('model', <class 'transformers.models.qwen2.modeling_qwen2.Qwen2Model'>), 'model.layers.0': ('model.layers.0', <class 'transformers.models.qwen2.modeling_qwen2.Qwen2DecoderLayer'>), 'model.layers.0.self_attn': ('model.layers.0.self_attn', <class 'transformers.models.qwen2.modeling_qwen2.Qwen2Attention'>), 'model.layers.0.self_attn.v_proj': ('model.layers.0.self_attn.v_proj', <class 'peft.tuners.lora.layer.Linear'>)})}",model.layers.0.self_attn.v_proj,True,0,['model_layers_0_self_attn_v_proj_lora_b_default'],[add_8]
"[[4, 512, 1024], [4, 512, 1024]]","[True, True]",True,"(4, 512, 1024)",torch.float32,add_8,"{'nn_module_stack': OrderedDict({'model': ('model', <class 'transformers.models.qwen2.modeling_qwen2.Qwen2Model'>), 'model.layers.0': ('model.layers.0', <class 'transformers.models.qwen2.modeling_qwen2.Qwen2DecoderLayer'>), 'model.layers.0.self_attn': ('model.layers.0.self_attn', <class 'transformers.models.qwen2.modeling_qwen2.Qwen2Attention'>), 'model.layers.0.self_attn.v_proj': ('model.layers.0.self_attn.v_proj', <class 'peft.tuners.lora.layer.Linear'>)})}",model.layers.0.self_attn.v_proj,True,0,"['model_layers_0_self_attn_v_proj_base_layer', 'mul_4']",[to_8]
"[[4, 512, 1024]]",[True],True,"(1,)",,getattr_12,"{'nn_module_stack': OrderedDict({'model': ('model', <class 'transformers.models.qwen2.modeling_qwen2.Qwen2Model'>), 'model.layers.0': ('model.layers.0', <class 'transformers.models.qwen2.modeling_qwen2.Qwen2DecoderLayer'>), 'model.layers.0.self_attn': ('model.layers.0.self_attn', <class 'transformers.models.qwen2.modeling_qwen2.Qwen2Attention'>), 'model.layers.0.self_attn.v_proj': ('model.layers.0.self_attn.v_proj', <class 'peft.tuners.lora.layer.Linear'>)})}",model.layers.0.self_attn.v_proj,True,0,['model_layers_0_self_attn_v_proj_base_layer'],[to_8]
"[[4, 512, 1024], [1]]","[True, True]",True,"(4, 512, 1024)",torch.float32,to_8,"{'nn_module_stack': OrderedDict({'model': ('model', <class 'transformers.models.qwen2.modeling_qwen2.Qwen2Model'>), 'model.layers.0': ('model.layers.0', <class 'transformers.models.qwen2.modeling_qwen2.Qwen2DecoderLayer'>), 'model.layers.0.self_attn': ('model.layers.0.self_attn', <class 'transformers.models.qwen2.modeling_qwen2.Qwen2Attention'>), 'model.layers.0.self_attn.v_proj': ('model.layers.0.self_attn.v_proj', <class 'peft.tuners.lora.layer.Linear'>)})}",model.layers.0.self_attn.v_proj,True,0,"['add_8', 'getattr_12']",[view_4]
"[[4, 512, 5120], [1], [1]]","[True, True, True]",True,"(4, 512, 40, 128)",torch.float32,view_2,"{'nn_module_stack': OrderedDict({'model': ('model', <class 'transformers.models.qwen2.modeling_qwen2.Qwen2Model'>), 'model.layers.0': ('model.layers.0', <class 'transformers.models.qwen2.modeling_qwen2.Qwen2DecoderLayer'>), 'model.layers.0.self_attn': ('model.layers.0.self_attn', <class 'transformers.models.qwen2.modeling_qwen2.Qwen2Attention'>)})}",model.layers.0.self_attn,True,0,"['to_4', 'getitem_3', 'getitem_4']",[transpose]
"[[4, 512, 40, 128]]",[True],False,"(4, 40, 512, 128)",torch.float32,transpose,"{'nn_module_stack': OrderedDict({'model': ('model', <class 'transformers.models.qwen2.modeling_qwen2.Qwen2Model'>), 'model.layers.0': ('model.layers.0', <class 'transformers.models.qwen2.modeling_qwen2.Qwen2DecoderLayer'>), 'model.layers.0.self_attn': ('model.layers.0.self_attn', <class 'transformers.models.qwen2.modeling_qwen2.Qwen2Attention'>)})}",model.layers.0.self_attn,True,0,['view_2'],"[mul_5, size_5, getitem_12, size_6, getitem_14]"
"[[4, 512, 1024], [1], [1]]","[True, True, True]",True,"(4, 512, 8, 128)",torch.float32,view_3,"{'nn_module_stack': OrderedDict({'model': ('model', <class 'transformers.models.qwen2.modeling_qwen2.Qwen2Model'>), 'model.layers.0': ('model.layers.0', <class 'transformers.models.qwen2.modeling_qwen2.Qwen2DecoderLayer'>), 'model.layers.0.self_attn': ('model.layers.0.self_attn', <class 'transformers.models.qwen2.modeling_qwen2.Qwen2Attention'>)})}",model.layers.0.self_attn,True,0,"['to_6', 'getitem_3', 'getitem_4']",[transpose_1]
"[[4, 512, 8, 128]]",[True],False,"(4, 8, 512, 128)",torch.float32,transpose_1,"{'nn_module_stack': OrderedDict({'model': ('model', <class 'transformers.models.qwen2.modeling_qwen2.Qwen2Model'>), 'model.layers.0': ('model.layers.0', <class 'transformers.models.qwen2.modeling_qwen2.Qwen2DecoderLayer'>), 'model.layers.0.self_attn': ('model.layers.0.self_attn', <class 'transformers.models.qwen2.modeling_qwen2.Qwen2Attention'>)})}",model.layers.0.self_attn,True,0,['view_3'],"[size_4, mul_7, size_7, getitem_16, size_8, getitem_18]"
"[[4, 512, 1024], [1], [1]]","[True, True, True]",True,"(4, 512, 8, 128)",torch.float32,view_4,"{'nn_module_stack': OrderedDict({'model': ('model', <class 'transformers.models.qwen2.modeling_qwen2.Qwen2Model'>), 'model.layers.0': ('model.layers.0', <class 'transformers.models.qwen2.modeling_qwen2.Qwen2DecoderLayer'>), 'model.layers.0.self_attn': ('model.layers.0.self_attn', <class 'transformers.models.qwen2.modeling_qwen2.Qwen2Attention'>)})}",model.layers.0.self_attn,True,0,"['to_8', 'getitem_3', 'getitem_4']",[transpose_2]
"[[4, 512, 8, 128]]",[True],False,"(4, 8, 512, 128)",torch.float32,transpose_2,"{'nn_module_stack': OrderedDict({'model': ('model', <class 'transformers.models.qwen2.modeling_qwen2.Qwen2Model'>), 'model.layers.0': ('model.layers.0', <class 'transformers.models.qwen2.modeling_qwen2.Qwen2DecoderLayer'>), 'model.layers.0.self_attn': ('model.layers.0.self_attn', <class 'transformers.models.qwen2.modeling_qwen2.Qwen2Attention'>)})}",model.layers.0.self_attn,True,0,['view_4'],"[getattr_13, getattr_14, size_11, getitem_29, output]"
"[[4, 8, 512, 128]]",[False],True,"(1,)",,size_4,"{'nn_module_stack': OrderedDict({'model': ('model', <class 'transformers.models.qwen2.modeling_qwen2.Qwen2Model'>), 'model.layers.0': ('model.layers.0', <class 'transformers.models.qwen2.modeling_qwen2.Qwen2DecoderLayer'>), 'model.layers.0.self_attn': ('model.layers.0.self_attn', <class 'transformers.models.qwen2.modeling_qwen2.Qwen2Attention'>)})}",model.layers.0.self_attn,True,0,['transpose_1'],[getitem_6]
[[1]],[True],True,"(1,)",,getitem_6,"{'nn_module_stack': OrderedDict({'model': ('model', <class 'transformers.models.qwen2.modeling_qwen2.Qwen2Model'>), 'model.layers.0': ('model.layers.0', <class 'transformers.models.qwen2.modeling_qwen2.Qwen2DecoderLayer'>), 'model.layers.0.self_attn': ('model.layers.0.self_attn', <class 'transformers.models.qwen2.modeling_qwen2.Qwen2Attention'>)})}",model.layers.0.self_attn,True,0,['size_4'],[add_9]
[[1]],[True],True,"(1,)",,add_9,"{'nn_module_stack': OrderedDict({'model': ('model', <class 'transformers.models.qwen2.modeling_qwen2.Qwen2Model'>), 'model.layers.0': ('model.layers.0', <class 'transformers.models.qwen2.modeling_qwen2.Qwen2DecoderLayer'>), 'model.layers.0.self_attn': ('model.layers.0.self_attn', <class 'transformers.models.qwen2.modeling_qwen2.Qwen2Attention'>)})}",model.layers.0.self_attn,True,0,['getitem_6'],"[gt_2, getitem_7, getitem_8, ne, ne_1]"
[[1]],[True],True,"(1,)",,gt_2,"{'nn_module_stack': OrderedDict({'model': ('model', <class 'transformers.models.qwen2.modeling_qwen2.Qwen2Model'>), 'model.layers.0': ('model.layers.0', <class 'transformers.models.qwen2.modeling_qwen2.Qwen2DecoderLayer'>), 'model.layers.0.self_attn': ('model.layers.0.self_attn', <class 'transformers.models.qwen2.modeling_qwen2.Qwen2Attention'>), 'model.layers.0.self_attn.rotary_emb': ('model.layers.0.self_attn.rotary_emb', <class 'transformers.models.qwen2.modeling_qwen2.Qwen2RotaryEmbedding'>)})}",model.layers.0.self_attn.rotary_emb,True,0,['add_9'],[]
[],[],True,"(32768, 128)",torch.float32,model_layers_0_self_attn_rotary_emb_cos_cached,"{'nn_module_stack': OrderedDict({'model': ('model', <class 'transformers.models.qwen2.modeling_qwen2.Qwen2Model'>), 'model.layers.0': ('model.layers.0', <class 'transformers.models.qwen2.modeling_qwen2.Qwen2DecoderLayer'>), 'model.layers.0.self_attn': ('model.layers.0.self_attn', <class 'transformers.models.qwen2.modeling_qwen2.Qwen2Attention'>), 'model.layers.0.self_attn.rotary_emb': ('model.layers.0.self_attn.rotary_emb', <class 'transformers.models.qwen2.modeling_qwen2.Qwen2RotaryEmbedding'>)})}",model.layers.0.self_attn.rotary_emb,True,0,[],[getitem_7]
"[[32768, 128], [1]]","[True, True]",True,"(512, 128)",torch.float32,getitem_7,"{'nn_module_stack': OrderedDict({'model': ('model', <class 'transformers.models.qwen2.modeling_qwen2.Qwen2Model'>), 'model.layers.0': ('model.layers.0', <class 'transformers.models.qwen2.modeling_qwen2.Qwen2DecoderLayer'>), 'model.layers.0.self_attn': ('model.layers.0.self_attn', <class 'transformers.models.qwen2.modeling_qwen2.Qwen2Attention'>), 'model.layers.0.self_attn.rotary_emb': ('model.layers.0.self_attn.rotary_emb', <class 'transformers.models.qwen2.modeling_qwen2.Qwen2RotaryEmbedding'>)})}",model.layers.0.self_attn.rotary_emb,True,0,"['model_layers_0_self_attn_rotary_emb_cos_cached', 'add_9']",[to_9]
"[[4, 8, 512, 128]]",[False],True,"(1,)",,getattr_13,"{'nn_module_stack': OrderedDict({'model': ('model', <class 'transformers.models.qwen2.modeling_qwen2.Qwen2Model'>), 'model.layers.0': ('model.layers.0', <class 'transformers.models.qwen2.modeling_qwen2.Qwen2DecoderLayer'>), 'model.layers.0.self_attn': ('model.layers.0.self_attn', <class 'transformers.models.qwen2.modeling_qwen2.Qwen2Attention'>), 'model.layers.0.self_attn.rotary_emb': ('model.layers.0.self_attn.rotary_emb', <class 'transformers.models.qwen2.modeling_qwen2.Qwen2RotaryEmbedding'>)})}",model.layers.0.self_attn.rotary_emb,True,0,['transpose_2'],[to_9]
"[[512, 128], [1]]","[True, True]",True,"(512, 128)",torch.float32,to_9,"{'nn_module_stack': OrderedDict({'model': ('model', <class 'transformers.models.qwen2.modeling_qwen2.Qwen2Model'>), 'model.layers.0': ('model.layers.0', <class 'transformers.models.qwen2.modeling_qwen2.Qwen2DecoderLayer'>), 'model.layers.0.self_attn': ('model.layers.0.self_attn', <class 'transformers.models.qwen2.modeling_qwen2.Qwen2Attention'>), 'model.layers.0.self_attn.rotary_emb': ('model.layers.0.self_attn.rotary_emb', <class 'transformers.models.qwen2.modeling_qwen2.Qwen2RotaryEmbedding'>)})}",model.layers.0.self_attn.rotary_emb,True,0,"['getitem_7', 'getattr_13']",[getitem_9]
[],[],True,"(32768, 128)",torch.float32,model_layers_0_self_attn_rotary_emb_sin_cached,"{'nn_module_stack': OrderedDict({'model': ('model', <class 'transformers.models.qwen2.modeling_qwen2.Qwen2Model'>), 'model.layers.0': ('model.layers.0', <class 'transformers.models.qwen2.modeling_qwen2.Qwen2DecoderLayer'>), 'model.layers.0.self_attn': ('model.layers.0.self_attn', <class 'transformers.models.qwen2.modeling_qwen2.Qwen2Attention'>), 'model.layers.0.self_attn.rotary_emb': ('model.layers.0.self_attn.rotary_emb', <class 'transformers.models.qwen2.modeling_qwen2.Qwen2RotaryEmbedding'>)})}",model.layers.0.self_attn.rotary_emb,True,0,[],[getitem_8]
"[[32768, 128], [1]]","[True, True]",True,"(512, 128)",torch.float32,getitem_8,"{'nn_module_stack': OrderedDict({'model': ('model', <class 'transformers.models.qwen2.modeling_qwen2.Qwen2Model'>), 'model.layers.0': ('model.layers.0', <class 'transformers.models.qwen2.modeling_qwen2.Qwen2DecoderLayer'>), 'model.layers.0.self_attn': ('model.layers.0.self_attn', <class 'transformers.models.qwen2.modeling_qwen2.Qwen2Attention'>), 'model.layers.0.self_attn.rotary_emb': ('model.layers.0.self_attn.rotary_emb', <class 'transformers.models.qwen2.modeling_qwen2.Qwen2RotaryEmbedding'>)})}",model.layers.0.self_attn.rotary_emb,True,0,"['model_layers_0_self_attn_rotary_emb_sin_cached', 'add_9']",[to_10]
"[[4, 8, 512, 128]]",[False],True,"(1,)",,getattr_14,"{'nn_module_stack': OrderedDict({'model': ('model', <class 'transformers.models.qwen2.modeling_qwen2.Qwen2Model'>), 'model.layers.0': ('model.layers.0', <class 'transformers.models.qwen2.modeling_qwen2.Qwen2DecoderLayer'>), 'model.layers.0.self_attn': ('model.layers.0.self_attn', <class 'transformers.models.qwen2.modeling_qwen2.Qwen2Attention'>), 'model.layers.0.self_attn.rotary_emb': ('model.layers.0.self_attn.rotary_emb', <class 'transformers.models.qwen2.modeling_qwen2.Qwen2RotaryEmbedding'>)})}",model.layers.0.self_attn.rotary_emb,True,0,['transpose_2'],[to_10]
"[[512, 128], [1]]","[True, True]",True,"(512, 128)",torch.float32,to_10,"{'nn_module_stack': OrderedDict({'model': ('model', <class 'transformers.models.qwen2.modeling_qwen2.Qwen2Model'>), 'model.layers.0': ('model.layers.0', <class 'transformers.models.qwen2.modeling_qwen2.Qwen2DecoderLayer'>), 'model.layers.0.self_attn': ('model.layers.0.self_attn', <class 'transformers.models.qwen2.modeling_qwen2.Qwen2Attention'>), 'model.layers.0.self_attn.rotary_emb': ('model.layers.0.self_attn.rotary_emb', <class 'transformers.models.qwen2.modeling_qwen2.Qwen2RotaryEmbedding'>)})}",model.layers.0.self_attn.rotary_emb,True,0,"['getitem_8', 'getattr_14']",[getitem_10]
"[[512, 128], [1, 512]]","[True, True]",True,"(1, 512, 128)",torch.float32,getitem_9,"{'nn_module_stack': OrderedDict({'model': ('model', <class 'transformers.models.qwen2.modeling_qwen2.Qwen2Model'>), 'model.layers.0': ('model.layers.0', <class 'transformers.models.qwen2.modeling_qwen2.Qwen2DecoderLayer'>), 'model.layers.0.self_attn': ('model.layers.0.self_attn', <class 'transformers.models.qwen2.modeling_qwen2.Qwen2Attention'>)})}",model.layers.0.self_attn,True,0,"['to_9', 'view']",[unsqueeze_1]
"[[1, 512, 128]]",[True],True,"(1, 1, 512, 128)",torch.float32,unsqueeze_1,"{'nn_module_stack': OrderedDict({'model': ('model', <class 'transformers.models.qwen2.modeling_qwen2.Qwen2Model'>), 'model.layers.0': ('model.layers.0', <class 'transformers.models.qwen2.modeling_qwen2.Qwen2DecoderLayer'>), 'model.layers.0.self_attn': ('model.layers.0.self_attn', <class 'transformers.models.qwen2.modeling_qwen2.Qwen2Attention'>)})}",model.layers.0.self_attn,True,0,['getitem_9'],"[mul_5, mul_7]"
"[[512, 128], [1, 512]]","[True, True]",True,"(1, 512, 128)",torch.float32,getitem_10,"{'nn_module_stack': OrderedDict({'model': ('model', <class 'transformers.models.qwen2.modeling_qwen2.Qwen2Model'>), 'model.layers.0': ('model.layers.0', <class 'transformers.models.qwen2.modeling_qwen2.Qwen2DecoderLayer'>), 'model.layers.0.self_attn': ('model.layers.0.self_attn', <class 'transformers.models.qwen2.modeling_qwen2.Qwen2Attention'>)})}",model.layers.0.self_attn,True,0,"['to_10', 'view']",[unsqueeze_2]
"[[1, 512, 128]]",[True],True,"(1, 1, 512, 128)",torch.float32,unsqueeze_2,"{'nn_module_stack': OrderedDict({'model': ('model', <class 'transformers.models.qwen2.modeling_qwen2.Qwen2Model'>), 'model.layers.0': ('model.layers.0', <class 'transformers.models.qwen2.modeling_qwen2.Qwen2DecoderLayer'>), 'model.layers.0.self_attn': ('model.layers.0.self_attn', <class 'transformers.models.qwen2.modeling_qwen2.Qwen2Attention'>)})}",model.layers.0.self_attn,True,0,['getitem_10'],"[mul_6, mul_8]"
"[[4, 40, 512, 128], [1, 1, 512, 128]]","[False, True]",False,"(4, 40, 512, 128)",torch.float32,mul_5,"{'nn_module_stack': OrderedDict({'model': ('model', <class 'transformers.models.qwen2.modeling_qwen2.Qwen2Model'>), 'model.layers.0': ('model.layers.0', <class 'transformers.models.qwen2.modeling_qwen2.Qwen2DecoderLayer'>), 'model.layers.0.self_attn': ('model.layers.0.self_attn', <class 'transformers.models.qwen2.modeling_qwen2.Qwen2Attention'>)})}",model.layers.0.self_attn,True,0,"['transpose', 'unsqueeze_1']",[add_10]
"[[4, 40, 512, 128]]",[False],True,"(1,)",,size_5,"{'nn_module_stack': OrderedDict({'model': ('model', <class 'transformers.models.qwen2.modeling_qwen2.Qwen2Model'>), 'model.layers.0': ('model.layers.0', <class 'transformers.models.qwen2.modeling_qwen2.Qwen2DecoderLayer'>), 'model.layers.0.self_attn': ('model.layers.0.self_attn', <class 'transformers.models.qwen2.modeling_qwen2.Qwen2Attention'>)})}",model.layers.0.self_attn,True,0,['transpose'],[getitem_11]
[[1]],[True],True,"(1,)",,getitem_11,"{'nn_module_stack': OrderedDict({'model': ('model', <class 'transformers.models.qwen2.modeling_qwen2.Qwen2Model'>), 'model.layers.0': ('model.layers.0', <class 'transformers.models.qwen2.modeling_qwen2.Qwen2DecoderLayer'>), 'model.layers.0.self_attn': ('model.layers.0.self_attn', <class 'transformers.models.qwen2.modeling_qwen2.Qwen2Attention'>)})}",model.layers.0.self_attn,True,0,['size_5'],[floordiv]
[[1]],[True],True,"(1,)",,floordiv,"{'nn_module_stack': OrderedDict({'model': ('model', <class 'transformers.models.qwen2.modeling_qwen2.Qwen2Model'>), 'model.layers.0': ('model.layers.0', <class 'transformers.models.qwen2.modeling_qwen2.Qwen2DecoderLayer'>), 'model.layers.0.self_attn': ('model.layers.0.self_attn', <class 'transformers.models.qwen2.modeling_qwen2.Qwen2Attention'>)})}",model.layers.0.self_attn,True,0,['getitem_11'],[getitem_12]
"[[4, 40, 512, 128], [1]]","[False, True]",False,"(4, 40, 512, 64)",torch.float32,getitem_12,"{'nn_module_stack': OrderedDict({'model': ('model', <class 'transformers.models.qwen2.modeling_qwen2.Qwen2Model'>), 'model.layers.0': ('model.layers.0', <class 'transformers.models.qwen2.modeling_qwen2.Qwen2DecoderLayer'>), 'model.layers.0.self_attn': ('model.layers.0.self_attn', <class 'transformers.models.qwen2.modeling_qwen2.Qwen2Attention'>)})}",model.layers.0.self_attn,True,0,"['transpose', 'floordiv']",[cat]
"[[4, 40, 512, 128]]",[False],True,"(1,)",,size_6,"{'nn_module_stack': OrderedDict({'model': ('model', <class 'transformers.models.qwen2.modeling_qwen2.Qwen2Model'>), 'model.layers.0': ('model.layers.0', <class 'transformers.models.qwen2.modeling_qwen2.Qwen2DecoderLayer'>), 'model.layers.0.self_attn': ('model.layers.0.self_attn', <class 'transformers.models.qwen2.modeling_qwen2.Qwen2Attention'>)})}",model.layers.0.self_attn,True,0,['transpose'],[getitem_13]
[[1]],[True],True,"(1,)",,getitem_13,"{'nn_module_stack': OrderedDict({'model': ('model', <class 'transformers.models.qwen2.modeling_qwen2.Qwen2Model'>), 'model.layers.0': ('model.layers.0', <class 'transformers.models.qwen2.modeling_qwen2.Qwen2DecoderLayer'>), 'model.layers.0.self_attn': ('model.layers.0.self_attn', <class 'transformers.models.qwen2.modeling_qwen2.Qwen2Attention'>)})}",model.layers.0.self_attn,True,0,['size_6'],[floordiv_1]
[[1]],[True],True,"(1,)",,floordiv_1,"{'nn_module_stack': OrderedDict({'model': ('model', <class 'transformers.models.qwen2.modeling_qwen2.Qwen2Model'>), 'model.layers.0': ('model.layers.0', <class 'transformers.models.qwen2.modeling_qwen2.Qwen2DecoderLayer'>), 'model.layers.0.self_attn': ('model.layers.0.self_attn', <class 'transformers.models.qwen2.modeling_qwen2.Qwen2Attention'>)})}",model.layers.0.self_attn,True,0,['getitem_13'],[getitem_14]
"[[4, 40, 512, 128], [1]]","[False, True]",False,"(4, 40, 512, 64)",torch.float32,getitem_14,"{'nn_module_stack': OrderedDict({'model': ('model', <class 'transformers.models.qwen2.modeling_qwen2.Qwen2Model'>), 'model.layers.0': ('model.layers.0', <class 'transformers.models.qwen2.modeling_qwen2.Qwen2DecoderLayer'>), 'model.layers.0.self_attn': ('model.layers.0.self_attn', <class 'transformers.models.qwen2.modeling_qwen2.Qwen2Attention'>)})}",model.layers.0.self_attn,True,0,"['transpose', 'floordiv_1']",[neg]
"[[4, 40, 512, 64]]",[False],False,"(4, 40, 512, 64)",torch.float32,neg,"{'nn_module_stack': OrderedDict({'model': ('model', <class 'transformers.models.qwen2.modeling_qwen2.Qwen2Model'>), 'model.layers.0': ('model.layers.0', <class 'transformers.models.qwen2.modeling_qwen2.Qwen2DecoderLayer'>), 'model.layers.0.self_attn': ('model.layers.0.self_attn', <class 'transformers.models.qwen2.modeling_qwen2.Qwen2Attention'>)})}",model.layers.0.self_attn,True,0,['getitem_14'],[cat]
"[[4, 40, 512, 64], [4, 40, 512, 64]]","[False, False]",True,"(4, 40, 512, 128)",torch.float32,cat,"{'nn_module_stack': OrderedDict({'model': ('model', <class 'transformers.models.qwen2.modeling_qwen2.Qwen2Model'>), 'model.layers.0': ('model.layers.0', <class 'transformers.models.qwen2.modeling_qwen2.Qwen2DecoderLayer'>), 'model.layers.0.self_attn': ('model.layers.0.self_attn', <class 'transformers.models.qwen2.modeling_qwen2.Qwen2Attention'>)})}",model.layers.0.self_attn,True,0,"['neg', 'getitem_12']",[mul_6]
"[[4, 40, 512, 128], [1, 1, 512, 128]]","[True, True]",True,"(4, 40, 512, 128)",torch.float32,mul_6,"{'nn_module_stack': OrderedDict({'model': ('model', <class 'transformers.models.qwen2.modeling_qwen2.Qwen2Model'>), 'model.layers.0': ('model.layers.0', <class 'transformers.models.qwen2.modeling_qwen2.Qwen2DecoderLayer'>), 'model.layers.0.self_attn': ('model.layers.0.self_attn', <class 'transformers.models.qwen2.modeling_qwen2.Qwen2Attention'>)})}",model.layers.0.self_attn,True,0,"['cat', 'unsqueeze_2']",[add_10]
"[[4, 40, 512, 128], [4, 40, 512, 128]]","[False, True]",False,"(4, 40, 512, 128)",torch.float32,add_10,"{'nn_module_stack': OrderedDict({'model': ('model', <class 'transformers.models.qwen2.modeling_qwen2.Qwen2Model'>), 'model.layers.0': ('model.layers.0', <class 'transformers.models.qwen2.modeling_qwen2.Qwen2DecoderLayer'>), 'model.layers.0.self_attn': ('model.layers.0.self_attn', <class 'transformers.models.qwen2.modeling_qwen2.Qwen2Attention'>)})}",model.layers.0.self_attn,True,0,"['mul_5', 'mul_6']","[matmul, getattr_15]"
"[[4, 8, 512, 128], [1, 1, 512, 128]]","[False, True]",False,"(4, 8, 512, 128)",torch.float32,mul_7,"{'nn_module_stack': OrderedDict({'model': ('model', <class 'transformers.models.qwen2.modeling_qwen2.Qwen2Model'>), 'model.layers.0': ('model.layers.0', <class 'transformers.models.qwen2.modeling_qwen2.Qwen2DecoderLayer'>), 'model.layers.0.self_attn': ('model.layers.0.self_attn', <class 'transformers.models.qwen2.modeling_qwen2.Qwen2Attention'>)})}",model.layers.0.self_attn,True,0,"['transpose_1', 'unsqueeze_1']",[add_11]
"[[4, 8, 512, 128]]",[False],True,"(1,)",,size_7,"{'nn_module_stack': OrderedDict({'model': ('model', <class 'transformers.models.qwen2.modeling_qwen2.Qwen2Model'>), 'model.layers.0': ('model.layers.0', <class 'transformers.models.qwen2.modeling_qwen2.Qwen2DecoderLayer'>), 'model.layers.0.self_attn': ('model.layers.0.self_attn', <class 'transformers.models.qwen2.modeling_qwen2.Qwen2Attention'>)})}",model.layers.0.self_attn,True,0,['transpose_1'],[getitem_15]
[[1]],[True],True,"(1,)",,getitem_15,"{'nn_module_stack': OrderedDict({'model': ('model', <class 'transformers.models.qwen2.modeling_qwen2.Qwen2Model'>), 'model.layers.0': ('model.layers.0', <class 'transformers.models.qwen2.modeling_qwen2.Qwen2DecoderLayer'>), 'model.layers.0.self_attn': ('model.layers.0.self_attn', <class 'transformers.models.qwen2.modeling_qwen2.Qwen2Attention'>)})}",model.layers.0.self_attn,True,0,['size_7'],[floordiv_2]
[[1]],[True],True,"(1,)",,floordiv_2,"{'nn_module_stack': OrderedDict({'model': ('model', <class 'transformers.models.qwen2.modeling_qwen2.Qwen2Model'>), 'model.layers.0': ('model.layers.0', <class 'transformers.models.qwen2.modeling_qwen2.Qwen2DecoderLayer'>), 'model.layers.0.self_attn': ('model.layers.0.self_attn', <class 'transformers.models.qwen2.modeling_qwen2.Qwen2Attention'>)})}",model.layers.0.self_attn,True,0,['getitem_15'],[getitem_16]
"[[4, 8, 512, 128], [1]]","[False, True]",False,"(4, 8, 512, 64)",torch.float32,getitem_16,"{'nn_module_stack': OrderedDict({'model': ('model', <class 'transformers.models.qwen2.modeling_qwen2.Qwen2Model'>), 'model.layers.0': ('model.layers.0', <class 'transformers.models.qwen2.modeling_qwen2.Qwen2DecoderLayer'>), 'model.layers.0.self_attn': ('model.layers.0.self_attn', <class 'transformers.models.qwen2.modeling_qwen2.Qwen2Attention'>)})}",model.layers.0.self_attn,True,0,"['transpose_1', 'floordiv_2']",[cat_1]
"[[4, 8, 512, 128]]",[False],True,"(1,)",,size_8,"{'nn_module_stack': OrderedDict({'model': ('model', <class 'transformers.models.qwen2.modeling_qwen2.Qwen2Model'>), 'model.layers.0': ('model.layers.0', <class 'transformers.models.qwen2.modeling_qwen2.Qwen2DecoderLayer'>), 'model.layers.0.self_attn': ('model.layers.0.self_attn', <class 'transformers.models.qwen2.modeling_qwen2.Qwen2Attention'>)})}",model.layers.0.self_attn,True,0,['transpose_1'],[getitem_17]
[[1]],[True],True,"(1,)",,getitem_17,"{'nn_module_stack': OrderedDict({'model': ('model', <class 'transformers.models.qwen2.modeling_qwen2.Qwen2Model'>), 'model.layers.0': ('model.layers.0', <class 'transformers.models.qwen2.modeling_qwen2.Qwen2DecoderLayer'>), 'model.layers.0.self_attn': ('model.layers.0.self_attn', <class 'transformers.models.qwen2.modeling_qwen2.Qwen2Attention'>)})}",model.layers.0.self_attn,True,0,['size_8'],[floordiv_3]
[[1]],[True],True,"(1,)",,floordiv_3,"{'nn_module_stack': OrderedDict({'model': ('model', <class 'transformers.models.qwen2.modeling_qwen2.Qwen2Model'>), 'model.layers.0': ('model.layers.0', <class 'transformers.models.qwen2.modeling_qwen2.Qwen2DecoderLayer'>), 'model.layers.0.self_attn': ('model.layers.0.self_attn', <class 'transformers.models.qwen2.modeling_qwen2.Qwen2Attention'>)})}",model.layers.0.self_attn,True,0,['getitem_17'],[getitem_18]
"[[4, 8, 512, 128], [1]]","[False, True]",False,"(4, 8, 512, 64)",torch.float32,getitem_18,"{'nn_module_stack': OrderedDict({'model': ('model', <class 'transformers.models.qwen2.modeling_qwen2.Qwen2Model'>), 'model.layers.0': ('model.layers.0', <class 'transformers.models.qwen2.modeling_qwen2.Qwen2DecoderLayer'>), 'model.layers.0.self_attn': ('model.layers.0.self_attn', <class 'transformers.models.qwen2.modeling_qwen2.Qwen2Attention'>)})}",model.layers.0.self_attn,True,0,"['transpose_1', 'floordiv_3']",[neg_1]
"[[4, 8, 512, 64]]",[False],False,"(4, 8, 512, 64)",torch.float32,neg_1,"{'nn_module_stack': OrderedDict({'model': ('model', <class 'transformers.models.qwen2.modeling_qwen2.Qwen2Model'>), 'model.layers.0': ('model.layers.0', <class 'transformers.models.qwen2.modeling_qwen2.Qwen2DecoderLayer'>), 'model.layers.0.self_attn': ('model.layers.0.self_attn', <class 'transformers.models.qwen2.modeling_qwen2.Qwen2Attention'>)})}",model.layers.0.self_attn,True,0,['getitem_18'],[cat_1]
"[[4, 8, 512, 64], [4, 8, 512, 64]]","[False, False]",True,"(4, 8, 512, 128)",torch.float32,cat_1,"{'nn_module_stack': OrderedDict({'model': ('model', <class 'transformers.models.qwen2.modeling_qwen2.Qwen2Model'>), 'model.layers.0': ('model.layers.0', <class 'transformers.models.qwen2.modeling_qwen2.Qwen2DecoderLayer'>), 'model.layers.0.self_attn': ('model.layers.0.self_attn', <class 'transformers.models.qwen2.modeling_qwen2.Qwen2Attention'>)})}",model.layers.0.self_attn,True,0,"['neg_1', 'getitem_16']",[mul_8]
"[[4, 8, 512, 128], [1, 1, 512, 128]]","[True, True]",True,"(4, 8, 512, 128)",torch.float32,mul_8,"{'nn_module_stack': OrderedDict({'model': ('model', <class 'transformers.models.qwen2.modeling_qwen2.Qwen2Model'>), 'model.layers.0': ('model.layers.0', <class 'transformers.models.qwen2.modeling_qwen2.Qwen2DecoderLayer'>), 'model.layers.0.self_attn': ('model.layers.0.self_attn', <class 'transformers.models.qwen2.modeling_qwen2.Qwen2Attention'>)})}",model.layers.0.self_attn,True,0,"['cat_1', 'unsqueeze_2']",[add_11]
"[[4, 8, 512, 128], [4, 8, 512, 128]]","[False, True]",False,"(4, 8, 512, 128)",torch.float32,add_11,"{'nn_module_stack': OrderedDict({'model': ('model', <class 'transformers.models.qwen2.modeling_qwen2.Qwen2Model'>), 'model.layers.0': ('model.layers.0', <class 'transformers.models.qwen2.modeling_qwen2.Qwen2DecoderLayer'>), 'model.layers.0.self_attn': ('model.layers.0.self_attn', <class 'transformers.models.qwen2.modeling_qwen2.Qwen2Attention'>)})}",model.layers.0.self_attn,True,0,"['mul_7', 'mul_8']","[size_9, size_10, getitem_24, output]"
"[[4, 8, 512, 128]]",[False],True,"(1,)",,size_9,"{'nn_module_stack': OrderedDict({'model': ('model', <class 'transformers.models.qwen2.modeling_qwen2.Qwen2Model'>), 'model.layers.0': ('model.layers.0', <class 'transformers.models.qwen2.modeling_qwen2.Qwen2DecoderLayer'>), 'model.layers.0.self_attn': ('model.layers.0.self_attn', <class 'transformers.models.qwen2.modeling_qwen2.Qwen2Attention'>)})}",model.layers.0.self_attn,True,0,['add_11'],[getitem_19]
[[1]],[True],True,"(1,)",,getitem_19,"{'nn_module_stack': OrderedDict({'model': ('model', <class 'transformers.models.qwen2.modeling_qwen2.Qwen2Model'>), 'model.layers.0': ('model.layers.0', <class 'transformers.models.qwen2.modeling_qwen2.Qwen2DecoderLayer'>), 'model.layers.0.self_attn': ('model.layers.0.self_attn', <class 'transformers.models.qwen2.modeling_qwen2.Qwen2Attention'>)})}",model.layers.0.self_attn,True,0,['size_9'],[add_12]
[[1]],[True],True,"(1,)",,add_12,"{'nn_module_stack': OrderedDict({'model': ('model', <class 'transformers.models.qwen2.modeling_qwen2.Qwen2Model'>), 'model.layers.0': ('model.layers.0', <class 'transformers.models.qwen2.modeling_qwen2.Qwen2DecoderLayer'>), 'model.layers.0.self_attn': ('model.layers.0.self_attn', <class 'transformers.models.qwen2.modeling_qwen2.Qwen2Attention'>)})}",model.layers.0.self_attn,True,0,['getitem_19'],[]
"[[4, 8, 512, 128]]",[False],True,"(1,)",,size_10,"{'nn_module_stack': OrderedDict({'model': ('model', <class 'transformers.models.qwen2.modeling_qwen2.Qwen2Model'>), 'model.layers.0': ('model.layers.0', <class 'transformers.models.qwen2.modeling_qwen2.Qwen2DecoderLayer'>), 'model.layers.0.self_attn': ('model.layers.0.self_attn', <class 'transformers.models.qwen2.modeling_qwen2.Qwen2Attention'>)})}",model.layers.0.self_attn,True,0,['add_11'],"[getitem_20, getitem_21, getitem_22, getitem_23]"
[[1]],[True],True,"(1,)",,getitem_20,"{'nn_module_stack': OrderedDict({'model': ('model', <class 'transformers.models.qwen2.modeling_qwen2.Qwen2Model'>), 'model.layers.0': ('model.layers.0', <class 'transformers.models.qwen2.modeling_qwen2.Qwen2DecoderLayer'>), 'model.layers.0.self_attn': ('model.layers.0.self_attn', <class 'transformers.models.qwen2.modeling_qwen2.Qwen2Attention'>)})}",model.layers.0.self_attn,True,0,['size_10'],"[expand_1, reshape]"
[[1]],[True],True,"(1,)",,getitem_21,"{'nn_module_stack': OrderedDict({'model': ('model', <class 'transformers.models.qwen2.modeling_qwen2.Qwen2Model'>), 'model.layers.0': ('model.layers.0', <class 'transformers.models.qwen2.modeling_qwen2.Qwen2DecoderLayer'>), 'model.layers.0.self_attn': ('model.layers.0.self_attn', <class 'transformers.models.qwen2.modeling_qwen2.Qwen2Attention'>)})}",model.layers.0.self_attn,True,0,['size_10'],"[expand_1, mul_9]"
[[1]],[True],True,"(1,)",,getitem_22,"{'nn_module_stack': OrderedDict({'model': ('model', <class 'transformers.models.qwen2.modeling_qwen2.Qwen2Model'>), 'model.layers.0': ('model.layers.0', <class 'transformers.models.qwen2.modeling_qwen2.Qwen2DecoderLayer'>), 'model.layers.0.self_attn': ('model.layers.0.self_attn', <class 'transformers.models.qwen2.modeling_qwen2.Qwen2Attention'>)})}",model.layers.0.self_attn,True,0,['size_10'],"[expand_1, reshape]"
[[1]],[True],True,"(1,)",,getitem_23,"{'nn_module_stack': OrderedDict({'model': ('model', <class 'transformers.models.qwen2.modeling_qwen2.Qwen2Model'>), 'model.layers.0': ('model.layers.0', <class 'transformers.models.qwen2.modeling_qwen2.Qwen2DecoderLayer'>), 'model.layers.0.self_attn': ('model.layers.0.self_attn', <class 'transformers.models.qwen2.modeling_qwen2.Qwen2Attention'>)})}",model.layers.0.self_attn,True,0,['size_10'],"[expand_1, reshape]"
"[[4, 8, 512, 128]]",[False],False,"(4, 8, 1, 512, 128)",torch.float32,getitem_24,"{'nn_module_stack': OrderedDict({'model': ('model', <class 'transformers.models.qwen2.modeling_qwen2.Qwen2Model'>), 'model.layers.0': ('model.layers.0', <class 'transformers.models.qwen2.modeling_qwen2.Qwen2DecoderLayer'>), 'model.layers.0.self_attn': ('model.layers.0.self_attn', <class 'transformers.models.qwen2.modeling_qwen2.Qwen2Attention'>)})}",model.layers.0.self_attn,True,0,['add_11'],[expand_1]
"[[4, 8, 1, 512, 128], [1], [1], [1], [1]]","[False, True, True, True, True]",False,"(4, 8, 5, 512, 128)",torch.float32,expand_1,"{'nn_module_stack': OrderedDict({'model': ('model', <class 'transformers.models.qwen2.modeling_qwen2.Qwen2Model'>), 'model.layers.0': ('model.layers.0', <class 'transformers.models.qwen2.modeling_qwen2.Qwen2DecoderLayer'>), 'model.layers.0.self_attn': ('model.layers.0.self_attn', <class 'transformers.models.qwen2.modeling_qwen2.Qwen2Attention'>)})}",model.layers.0.self_attn,True,0,"['getitem_24', 'getitem_20', 'getitem_21', 'getitem_22', 'getitem_23']",[reshape]
[[1]],[True],True,"(1,)",,mul_9,"{'nn_module_stack': OrderedDict({'model': ('model', <class 'transformers.models.qwen2.modeling_qwen2.Qwen2Model'>), 'model.layers.0': ('model.layers.0', <class 'transformers.models.qwen2.modeling_qwen2.Qwen2DecoderLayer'>), 'model.layers.0.self_attn': ('model.layers.0.self_attn', <class 'transformers.models.qwen2.modeling_qwen2.Qwen2Attention'>)})}",model.layers.0.self_attn,True,0,['getitem_21'],[reshape]
"[[4, 8, 5, 512, 128], [1], [1], [1], [1]]","[False, True, True, True, True]",True,"(4, 40, 512, 128)",torch.float32,reshape,"{'nn_module_stack': OrderedDict({'model': ('model', <class 'transformers.models.qwen2.modeling_qwen2.Qwen2Model'>), 'model.layers.0': ('model.layers.0', <class 'transformers.models.qwen2.modeling_qwen2.Qwen2DecoderLayer'>), 'model.layers.0.self_attn': ('model.layers.0.self_attn', <class 'transformers.models.qwen2.modeling_qwen2.Qwen2Attention'>)})}",model.layers.0.self_attn,True,0,"['expand_1', 'getitem_20', 'mul_9', 'getitem_22', 'getitem_23']",[transpose_3]
"[[4, 8, 512, 128]]",[False],True,"(1,)",,size_11,"{'nn_module_stack': OrderedDict({'model': ('model', <class 'transformers.models.qwen2.modeling_qwen2.Qwen2Model'>), 'model.layers.0': ('model.layers.0', <class 'transformers.models.qwen2.modeling_qwen2.Qwen2DecoderLayer'>), 'model.layers.0.self_attn': ('model.layers.0.self_attn', <class 'transformers.models.qwen2.modeling_qwen2.Qwen2Attention'>)})}",model.layers.0.self_attn,True,0,['transpose_2'],"[getitem_25, getitem_26, getitem_27, getitem_28]"
[[1]],[True],True,"(1,)",,getitem_25,"{'nn_module_stack': OrderedDict({'model': ('model', <class 'transformers.models.qwen2.modeling_qwen2.Qwen2Model'>), 'model.layers.0': ('model.layers.0', <class 'transformers.models.qwen2.modeling_qwen2.Qwen2DecoderLayer'>), 'model.layers.0.self_attn': ('model.layers.0.self_attn', <class 'transformers.models.qwen2.modeling_qwen2.Qwen2Attention'>)})}",model.layers.0.self_attn,True,0,['size_11'],"[expand_2, reshape_1]"
[[1]],[True],True,"(1,)",,getitem_26,"{'nn_module_stack': OrderedDict({'model': ('model', <class 'transformers.models.qwen2.modeling_qwen2.Qwen2Model'>), 'model.layers.0': ('model.layers.0', <class 'transformers.models.qwen2.modeling_qwen2.Qwen2DecoderLayer'>), 'model.layers.0.self_attn': ('model.layers.0.self_attn', <class 'transformers.models.qwen2.modeling_qwen2.Qwen2Attention'>)})}",model.layers.0.self_attn,True,0,['size_11'],"[expand_2, mul_10]"
[[1]],[True],True,"(1,)",,getitem_27,"{'nn_module_stack': OrderedDict({'model': ('model', <class 'transformers.models.qwen2.modeling_qwen2.Qwen2Model'>), 'model.layers.0': ('model.layers.0', <class 'transformers.models.qwen2.modeling_qwen2.Qwen2DecoderLayer'>), 'model.layers.0.self_attn': ('model.layers.0.self_attn', <class 'transformers.models.qwen2.modeling_qwen2.Qwen2Attention'>)})}",model.layers.0.self_attn,True,0,['size_11'],"[expand_2, reshape_1]"
[[1]],[True],True,"(1,)",,getitem_28,"{'nn_module_stack': OrderedDict({'model': ('model', <class 'transformers.models.qwen2.modeling_qwen2.Qwen2Model'>), 'model.layers.0': ('model.layers.0', <class 'transformers.models.qwen2.modeling_qwen2.Qwen2DecoderLayer'>), 'model.layers.0.self_attn': ('model.layers.0.self_attn', <class 'transformers.models.qwen2.modeling_qwen2.Qwen2Attention'>)})}",model.layers.0.self_attn,True,0,['size_11'],"[expand_2, reshape_1]"
"[[4, 8, 512, 128]]",[False],False,"(4, 8, 1, 512, 128)",torch.float32,getitem_29,"{'nn_module_stack': OrderedDict({'model': ('model', <class 'transformers.models.qwen2.modeling_qwen2.Qwen2Model'>), 'model.layers.0': ('model.layers.0', <class 'transformers.models.qwen2.modeling_qwen2.Qwen2DecoderLayer'>), 'model.layers.0.self_attn': ('model.layers.0.self_attn', <class 'transformers.models.qwen2.modeling_qwen2.Qwen2Attention'>)})}",model.layers.0.self_attn,True,0,['transpose_2'],[expand_2]
"[[4, 8, 1, 512, 128], [1], [1], [1], [1]]","[False, True, True, True, True]",False,"(4, 8, 5, 512, 128)",torch.float32,expand_2,"{'nn_module_stack': OrderedDict({'model': ('model', <class 'transformers.models.qwen2.modeling_qwen2.Qwen2Model'>), 'model.layers.0': ('model.layers.0', <class 'transformers.models.qwen2.modeling_qwen2.Qwen2DecoderLayer'>), 'model.layers.0.self_attn': ('model.layers.0.self_attn', <class 'transformers.models.qwen2.modeling_qwen2.Qwen2Attention'>)})}",model.layers.0.self_attn,True,0,"['getitem_29', 'getitem_25', 'getitem_26', 'getitem_27', 'getitem_28']",[reshape_1]
[[1]],[True],True,"(1,)",,mul_10,"{'nn_module_stack': OrderedDict({'model': ('model', <class 'transformers.models.qwen2.modeling_qwen2.Qwen2Model'>), 'model.layers.0': ('model.layers.0', <class 'transformers.models.qwen2.modeling_qwen2.Qwen2DecoderLayer'>), 'model.layers.0.self_attn': ('model.layers.0.self_attn', <class 'transformers.models.qwen2.modeling_qwen2.Qwen2Attention'>)})}",model.layers.0.self_attn,True,0,['getitem_26'],[reshape_1]
"[[4, 8, 5, 512, 128], [1], [1], [1], [1]]","[False, True, True, True, True]",True,"(4, 40, 512, 128)",torch.float32,reshape_1,"{'nn_module_stack': OrderedDict({'model': ('model', <class 'transformers.models.qwen2.modeling_qwen2.Qwen2Model'>), 'model.layers.0': ('model.layers.0', <class 'transformers.models.qwen2.modeling_qwen2.Qwen2DecoderLayer'>), 'model.layers.0.self_attn': ('model.layers.0.self_attn', <class 'transformers.models.qwen2.modeling_qwen2.Qwen2Attention'>)})}",model.layers.0.self_attn,True,0,"['expand_2', 'getitem_25', 'mul_10', 'getitem_27', 'getitem_28']",[matmul_1]
"[[4, 40, 512, 128]]",[True],False,"(4, 40, 128, 512)",torch.float32,transpose_3,"{'nn_module_stack': OrderedDict({'model': ('model', <class 'transformers.models.qwen2.modeling_qwen2.Qwen2Model'>), 'model.layers.0': ('model.layers.0', <class 'transformers.models.qwen2.modeling_qwen2.Qwen2DecoderLayer'>), 'model.layers.0.self_attn': ('model.layers.0.self_attn', <class 'transformers.models.qwen2.modeling_qwen2.Qwen2Attention'>)})}",model.layers.0.self_attn,True,0,['reshape'],[matmul]
"[[4, 40, 512, 128], [4, 40, 128, 512]]","[False, False]",True,"(4, 40, 512, 512)",torch.float32,matmul,"{'nn_module_stack': OrderedDict({'model': ('model', <class 'transformers.models.qwen2.modeling_qwen2.Qwen2Model'>), 'model.layers.0': ('model.layers.0', <class 'transformers.models.qwen2.modeling_qwen2.Qwen2DecoderLayer'>), 'model.layers.0.self_attn': ('model.layers.0.self_attn', <class 'transformers.models.qwen2.modeling_qwen2.Qwen2Attention'>)})}",model.layers.0.self_attn,True,0,"['add_10', 'transpose_3']",[truediv]
"[[4, 40, 512, 512]]",[True],True,"(4, 40, 512, 512)",torch.float32,truediv,"{'nn_module_stack': OrderedDict({'model': ('model', <class 'transformers.models.qwen2.modeling_qwen2.Qwen2Model'>), 'model.layers.0': ('model.layers.0', <class 'transformers.models.qwen2.modeling_qwen2.Qwen2DecoderLayer'>), 'model.layers.0.self_attn': ('model.layers.0.self_attn', <class 'transformers.models.qwen2.modeling_qwen2.Qwen2Attention'>)})}",model.layers.0.self_attn,True,0,['matmul'],"[size_12, add_13]"
"[[4, 40, 512, 512]]",[True],True,"(1,)",,size_12,"{'nn_module_stack': OrderedDict({'model': ('model', <class 'transformers.models.qwen2.modeling_qwen2.Qwen2Model'>), 'model.layers.0': ('model.layers.0', <class 'transformers.models.qwen2.modeling_qwen2.Qwen2DecoderLayer'>), 'model.layers.0.self_attn': ('model.layers.0.self_attn', <class 'transformers.models.qwen2.modeling_qwen2.Qwen2Attention'>)})}",model.layers.0.self_attn,True,0,['truediv'],[ne]
"[[1], [1], [1], [1]]","[True, True, True, True]",True,"(1,)",,ne,"{'nn_module_stack': OrderedDict({'model': ('model', <class 'transformers.models.qwen2.modeling_qwen2.Qwen2Model'>), 'model.layers.0': ('model.layers.0', <class 'transformers.models.qwen2.modeling_qwen2.Qwen2DecoderLayer'>), 'model.layers.0.self_attn': ('model.layers.0.self_attn', <class 'transformers.models.qwen2.modeling_qwen2.Qwen2Attention'>)})}",model.layers.0.self_attn,True,0,"['size_12', 'getitem_3', 'getitem_4', 'add_9']",[]
"[[4, 1, 512, 512]]",[False],True,"(1,)",,size_13,"{'nn_module_stack': OrderedDict({'model': ('model', <class 'transformers.models.qwen2.modeling_qwen2.Qwen2Model'>), 'model.layers.0': ('model.layers.0', <class 'transformers.models.qwen2.modeling_qwen2.Qwen2DecoderLayer'>), 'model.layers.0.self_attn': ('model.layers.0.self_attn', <class 'transformers.models.qwen2.modeling_qwen2.Qwen2Attention'>)})}",model.layers.0.self_attn,True,0,['expand'],[ne_1]
"[[1], [1], [1], [1]]","[True, True, True, True]",True,"(1,)",,ne_1,"{'nn_module_stack': OrderedDict({'model': ('model', <class 'transformers.models.qwen2.modeling_qwen2.Qwen2Model'>), 'model.layers.0': ('model.layers.0', <class 'transformers.models.qwen2.modeling_qwen2.Qwen2DecoderLayer'>), 'model.layers.0.self_attn': ('model.layers.0.self_attn', <class 'transformers.models.qwen2.modeling_qwen2.Qwen2Attention'>)})}",model.layers.0.self_attn,True,0,"['size_13', 'getitem_3', 'getitem_4', 'add_9']",[]
"[[4, 40, 512, 512], [4, 1, 512, 512]]","[True, False]",True,"(4, 40, 512, 512)",torch.float32,add_13,"{'nn_module_stack': OrderedDict({'model': ('model', <class 'transformers.models.qwen2.modeling_qwen2.Qwen2Model'>), 'model.layers.0': ('model.layers.0', <class 'transformers.models.qwen2.modeling_qwen2.Qwen2DecoderLayer'>), 'model.layers.0.self_attn': ('model.layers.0.self_attn', <class 'transformers.models.qwen2.modeling_qwen2.Qwen2Attention'>)})}",model.layers.0.self_attn,True,0,"['truediv', 'expand']",[softmax]
"[[4, 40, 512, 512]]",[True],True,"(4, 40, 512, 512)",torch.float32,softmax,"{'nn_module_stack': OrderedDict({'model': ('model', <class 'transformers.models.qwen2.modeling_qwen2.Qwen2Model'>), 'model.layers.0': ('model.layers.0', <class 'transformers.models.qwen2.modeling_qwen2.Qwen2DecoderLayer'>), 'model.layers.0.self_attn': ('model.layers.0.self_attn', <class 'transformers.models.qwen2.modeling_qwen2.Qwen2Attention'>)})}",model.layers.0.self_attn,True,0,['add_13'],[to_11]
"[[4, 40, 512, 128]]",[False],True,"(1,)",,getattr_15,"{'nn_module_stack': OrderedDict({'model': ('model', <class 'transformers.models.qwen2.modeling_qwen2.Qwen2Model'>), 'model.layers.0': ('model.layers.0', <class 'transformers.models.qwen2.modeling_qwen2.Qwen2DecoderLayer'>), 'model.layers.0.self_attn': ('model.layers.0.self_attn', <class 'transformers.models.qwen2.modeling_qwen2.Qwen2Attention'>)})}",model.layers.0.self_attn,True,0,['add_10'],[to_11]
"[[4, 40, 512, 512], [1]]","[True, True]",True,"(4, 40, 512, 512)",torch.float32,to_11,"{'nn_module_stack': OrderedDict({'model': ('model', <class 'transformers.models.qwen2.modeling_qwen2.Qwen2Model'>), 'model.layers.0': ('model.layers.0', <class 'transformers.models.qwen2.modeling_qwen2.Qwen2DecoderLayer'>), 'model.layers.0.self_attn': ('model.layers.0.self_attn', <class 'transformers.models.qwen2.modeling_qwen2.Qwen2Attention'>)})}",model.layers.0.self_attn,True,0,"['softmax', 'getattr_15']",[dropout]
"[[4, 40, 512, 512]]",[True],True,"(4, 40, 512, 512)",torch.float32,dropout,"{'nn_module_stack': OrderedDict({'model': ('model', <class 'transformers.models.qwen2.modeling_qwen2.Qwen2Model'>), 'model.layers.0': ('model.layers.0', <class 'transformers.models.qwen2.modeling_qwen2.Qwen2DecoderLayer'>), 'model.layers.0.self_attn': ('model.layers.0.self_attn', <class 'transformers.models.qwen2.modeling_qwen2.Qwen2Attention'>)})}",model.layers.0.self_attn,True,0,['to_11'],[matmul_1]
"[[4, 40, 512, 512], [4, 40, 512, 128]]","[True, True]",True,"(4, 40, 512, 128)",torch.float32,matmul_1,"{'nn_module_stack': OrderedDict({'model': ('model', <class 'transformers.models.qwen2.modeling_qwen2.Qwen2Model'>), 'model.layers.0': ('model.layers.0', <class 'transformers.models.qwen2.modeling_qwen2.Qwen2DecoderLayer'>), 'model.layers.0.self_attn': ('model.layers.0.self_attn', <class 'transformers.models.qwen2.modeling_qwen2.Qwen2Attention'>)})}",model.layers.0.self_attn,True,0,"['dropout', 'reshape_1']","[size_14, transpose_4]"
"[[4, 40, 512, 128]]",[True],True,"(1,)",,size_14,"{'nn_module_stack': OrderedDict({'model': ('model', <class 'transformers.models.qwen2.modeling_qwen2.Qwen2Model'>), 'model.layers.0': ('model.layers.0', <class 'transformers.models.qwen2.modeling_qwen2.Qwen2DecoderLayer'>), 'model.layers.0.self_attn': ('model.layers.0.self_attn', <class 'transformers.models.qwen2.modeling_qwen2.Qwen2Attention'>)})}",model.layers.0.self_attn,True,0,['matmul_1'],[ne_2]
"[[1], [1], [1]]","[True, True, True]",True,"(1,)",,ne_2,"{'nn_module_stack': OrderedDict({'model': ('model', <class 'transformers.models.qwen2.modeling_qwen2.Qwen2Model'>), 'model.layers.0': ('model.layers.0', <class 'transformers.models.qwen2.modeling_qwen2.Qwen2DecoderLayer'>), 'model.layers.0.self_attn': ('model.layers.0.self_attn', <class 'transformers.models.qwen2.modeling_qwen2.Qwen2Attention'>)})}",model.layers.0.self_attn,True,0,"['size_14', 'getitem_3', 'getitem_4']",[]
"[[4, 40, 512, 128]]",[True],False,"(4, 512, 40, 128)",torch.float32,transpose_4,"{'nn_module_stack': OrderedDict({'model': ('model', <class 'transformers.models.qwen2.modeling_qwen2.Qwen2Model'>), 'model.layers.0': ('model.layers.0', <class 'transformers.models.qwen2.modeling_qwen2.Qwen2DecoderLayer'>), 'model.layers.0.self_attn': ('model.layers.0.self_attn', <class 'transformers.models.qwen2.modeling_qwen2.Qwen2Attention'>)})}",model.layers.0.self_attn,True,0,['matmul_1'],[contiguous]
"[[4, 512, 40, 128]]",[False],True,"(4, 512, 40, 128)",torch.float32,contiguous,"{'nn_module_stack': OrderedDict({'model': ('model', <class 'transformers.models.qwen2.modeling_qwen2.Qwen2Model'>), 'model.layers.0': ('model.layers.0', <class 'transformers.models.qwen2.modeling_qwen2.Qwen2DecoderLayer'>), 'model.layers.0.self_attn': ('model.layers.0.self_attn', <class 'transformers.models.qwen2.modeling_qwen2.Qwen2Attention'>)})}",model.layers.0.self_attn,True,0,['transpose_4'],[reshape_2]
"[[4, 512, 40, 128], [1], [1]]","[True, True, True]",True,"(4, 512, 5120)",torch.float32,reshape_2,"{'nn_module_stack': OrderedDict({'model': ('model', <class 'transformers.models.qwen2.modeling_qwen2.Qwen2Model'>), 'model.layers.0': ('model.layers.0', <class 'transformers.models.qwen2.modeling_qwen2.Qwen2DecoderLayer'>), 'model.layers.0.self_attn': ('model.layers.0.self_attn', <class 'transformers.models.qwen2.modeling_qwen2.Qwen2Attention'>)})}",model.layers.0.self_attn,True,0,"['contiguous', 'getitem_3', 'getitem_4']","[model_layers_0_self_attn_o_proj_base_layer, to_12]"
"[[4, 512, 5120]]",[True],True,"(4, 512, 5120)",torch.float32,model_layers_0_self_attn_o_proj_base_layer,"{'nn_module_stack': OrderedDict({'model': ('model', <class 'transformers.models.qwen2.modeling_qwen2.Qwen2Model'>), 'model.layers.0': ('model.layers.0', <class 'transformers.models.qwen2.modeling_qwen2.Qwen2DecoderLayer'>), 'model.layers.0.self_attn': ('model.layers.0.self_attn', <class 'transformers.models.qwen2.modeling_qwen2.Qwen2Attention'>), 'model.layers.0.self_attn.o_proj': ('model.layers.0.self_attn.o_proj', <class 'peft.tuners.lora.layer.Linear'>), 'model.layers.0.self_attn.o_proj.base_layer': ('model.layers.0.self_attn.o_proj.base_layer', <class 'torch.nn.modules.linear.Linear'>)})}",model.layers.0.self_attn.o_proj.base_layer,False,0,['reshape_2'],"[add_14, getattr_17]"
[],[],True,"(10, 5120)",torch.float32,model_layers_0_self_attn_o_proj_lora_a_default_weight,"{'nn_module_stack': OrderedDict({'model': ('model', <class 'transformers.models.qwen2.modeling_qwen2.Qwen2Model'>), 'model.layers.0': ('model.layers.0', <class 'transformers.models.qwen2.modeling_qwen2.Qwen2DecoderLayer'>), 'model.layers.0.self_attn': ('model.layers.0.self_attn', <class 'transformers.models.qwen2.modeling_qwen2.Qwen2Attention'>), 'model.layers.0.self_attn.o_proj': ('model.layers.0.self_attn.o_proj', <class 'peft.tuners.lora.layer.Linear'>)})}",model.layers.0.self_attn.o_proj,True,0,[],[getattr_16]
"[[10, 5120]]",[True],True,"(1,)",,getattr_16,"{'nn_module_stack': OrderedDict({'model': ('model', <class 'transformers.models.qwen2.modeling_qwen2.Qwen2Model'>), 'model.layers.0': ('model.layers.0', <class 'transformers.models.qwen2.modeling_qwen2.Qwen2DecoderLayer'>), 'model.layers.0.self_attn': ('model.layers.0.self_attn', <class 'transformers.models.qwen2.modeling_qwen2.Qwen2Attention'>), 'model.layers.0.self_attn.o_proj': ('model.layers.0.self_attn.o_proj', <class 'peft.tuners.lora.layer.Linear'>)})}",model.layers.0.self_attn.o_proj,True,0,['model_layers_0_self_attn_o_proj_lora_a_default_weight'],[to_12]
"[[4, 512, 5120], [1]]","[True, True]",True,"(4, 512, 5120)",torch.float32,to_12,"{'nn_module_stack': OrderedDict({'model': ('model', <class 'transformers.models.qwen2.modeling_qwen2.Qwen2Model'>), 'model.layers.0': ('model.layers.0', <class 'transformers.models.qwen2.modeling_qwen2.Qwen2DecoderLayer'>), 'model.layers.0.self_attn': ('model.layers.0.self_attn', <class 'transformers.models.qwen2.modeling_qwen2.Qwen2Attention'>), 'model.layers.0.self_attn.o_proj': ('model.layers.0.self_attn.o_proj', <class 'peft.tuners.lora.layer.Linear'>)})}",model.layers.0.self_attn.o_proj,True,0,"['reshape_2', 'getattr_16']",[model_layers_0_self_attn_o_proj_lora_dropout_default]
"[[4, 512, 5120]]",[True],True,"(4, 512, 5120)",torch.float32,model_layers_0_self_attn_o_proj_lora_dropout_default,"{'nn_module_stack': OrderedDict({'model': ('model', <class 'transformers.models.qwen2.modeling_qwen2.Qwen2Model'>), 'model.layers.0': ('model.layers.0', <class 'transformers.models.qwen2.modeling_qwen2.Qwen2DecoderLayer'>), 'model.layers.0.self_attn': ('model.layers.0.self_attn', <class 'transformers.models.qwen2.modeling_qwen2.Qwen2Attention'>), 'model.layers.0.self_attn.o_proj': ('model.layers.0.self_attn.o_proj', <class 'peft.tuners.lora.layer.Linear'>), 'model.layers.0.self_attn.o_proj.lora_dropout.default': ('model.layers.0.self_attn.o_proj.lora_dropout.default', <class 'torch.nn.modules.linear.Identity'>)})}",model.layers.0.self_attn.o_proj.lora_dropout.default,True,0,['to_12'],[model_layers_0_self_attn_o_proj_lora_a_default]
"[[4, 512, 5120]]",[True],True,"(4, 512, 10)",torch.float32,model_layers_0_self_attn_o_proj_lora_a_default,"{'nn_module_stack': OrderedDict({'model': ('model', <class 'transformers.models.qwen2.modeling_qwen2.Qwen2Model'>), 'model.layers.0': ('model.layers.0', <class 'transformers.models.qwen2.modeling_qwen2.Qwen2DecoderLayer'>), 'model.layers.0.self_attn': ('model.layers.0.self_attn', <class 'transformers.models.qwen2.modeling_qwen2.Qwen2Attention'>), 'model.layers.0.self_attn.o_proj': ('model.layers.0.self_attn.o_proj', <class 'peft.tuners.lora.layer.Linear'>), 'model.layers.0.self_attn.o_proj.lora_A.default': ('model.layers.0.self_attn.o_proj.lora_A.default', <class 'torch.nn.modules.linear.Linear'>)})}",model.layers.0.self_attn.o_proj.lora_A.default,True,0,['model_layers_0_self_attn_o_proj_lora_dropout_default'],[model_layers_0_self_attn_o_proj_lora_b_default]
"[[4, 512, 10]]",[True],True,"(4, 512, 5120)",torch.float32,model_layers_0_self_attn_o_proj_lora_b_default,"{'nn_module_stack': OrderedDict({'model': ('model', <class 'transformers.models.qwen2.modeling_qwen2.Qwen2Model'>), 'model.layers.0': ('model.layers.0', <class 'transformers.models.qwen2.modeling_qwen2.Qwen2DecoderLayer'>), 'model.layers.0.self_attn': ('model.layers.0.self_attn', <class 'transformers.models.qwen2.modeling_qwen2.Qwen2Attention'>), 'model.layers.0.self_attn.o_proj': ('model.layers.0.self_attn.o_proj', <class 'peft.tuners.lora.layer.Linear'>), 'model.layers.0.self_attn.o_proj.lora_B.default': ('model.layers.0.self_attn.o_proj.lora_B.default', <class 'torch.nn.modules.linear.Linear'>)})}",model.layers.0.self_attn.o_proj.lora_B.default,True,0,['model_layers_0_self_attn_o_proj_lora_a_default'],[mul_11]
"[[4, 512, 5120]]",[True],True,"(4, 512, 5120)",torch.float32,mul_11,"{'nn_module_stack': OrderedDict({'model': ('model', <class 'transformers.models.qwen2.modeling_qwen2.Qwen2Model'>), 'model.layers.0': ('model.layers.0', <class 'transformers.models.qwen2.modeling_qwen2.Qwen2DecoderLayer'>), 'model.layers.0.self_attn': ('model.layers.0.self_attn', <class 'transformers.models.qwen2.modeling_qwen2.Qwen2Attention'>), 'model.layers.0.self_attn.o_proj': ('model.layers.0.self_attn.o_proj', <class 'peft.tuners.lora.layer.Linear'>)})}",model.layers.0.self_attn.o_proj,True,0,['model_layers_0_self_attn_o_proj_lora_b_default'],[add_14]
"[[4, 512, 5120], [4, 512, 5120]]","[True, True]",True,"(4, 512, 5120)",torch.float32,add_14,"{'nn_module_stack': OrderedDict({'model': ('model', <class 'transformers.models.qwen2.modeling_qwen2.Qwen2Model'>), 'model.layers.0': ('model.layers.0', <class 'transformers.models.qwen2.modeling_qwen2.Qwen2DecoderLayer'>), 'model.layers.0.self_attn': ('model.layers.0.self_attn', <class 'transformers.models.qwen2.modeling_qwen2.Qwen2Attention'>), 'model.layers.0.self_attn.o_proj': ('model.layers.0.self_attn.o_proj', <class 'peft.tuners.lora.layer.Linear'>)})}",model.layers.0.self_attn.o_proj,True,0,"['model_layers_0_self_attn_o_proj_base_layer', 'mul_11']",[to_13]
"[[4, 512, 5120]]",[True],True,"(1,)",,getattr_17,"{'nn_module_stack': OrderedDict({'model': ('model', <class 'transformers.models.qwen2.modeling_qwen2.Qwen2Model'>), 'model.layers.0': ('model.layers.0', <class 'transformers.models.qwen2.modeling_qwen2.Qwen2DecoderLayer'>), 'model.layers.0.self_attn': ('model.layers.0.self_attn', <class 'transformers.models.qwen2.modeling_qwen2.Qwen2Attention'>), 'model.layers.0.self_attn.o_proj': ('model.layers.0.self_attn.o_proj', <class 'peft.tuners.lora.layer.Linear'>)})}",model.layers.0.self_attn.o_proj,True,0,['model_layers_0_self_attn_o_proj_base_layer'],[to_13]
"[[4, 512, 5120], [1]]","[True, True]",True,"(4, 512, 5120)",torch.float32,to_13,"{'nn_module_stack': OrderedDict({'model': ('model', <class 'transformers.models.qwen2.modeling_qwen2.Qwen2Model'>), 'model.layers.0': ('model.layers.0', <class 'transformers.models.qwen2.modeling_qwen2.Qwen2DecoderLayer'>), 'model.layers.0.self_attn': ('model.layers.0.self_attn', <class 'transformers.models.qwen2.modeling_qwen2.Qwen2Attention'>), 'model.layers.0.self_attn.o_proj': ('model.layers.0.self_attn.o_proj', <class 'peft.tuners.lora.layer.Linear'>)})}",model.layers.0.self_attn.o_proj,True,0,"['add_14', 'getattr_17']",[add_15]
"[[4, 512, 5120], [4, 512, 5120]]","[True, True]",True,"(4, 512, 5120)",torch.float32,add_15,"{'nn_module_stack': OrderedDict({'model': ('model', <class 'transformers.models.qwen2.modeling_qwen2.Qwen2Model'>), 'model.layers.0': ('model.layers.0', <class 'transformers.models.qwen2.modeling_qwen2.Qwen2DecoderLayer'>)})}",model.layers.0,True,0,"['model_embed_tokens', 'to_13']","[to_14, getattr_18, add_17]"
"[[4, 512, 5120]]",[True],True,"(4, 512, 5120)",torch.float32,to_14,"{'nn_module_stack': OrderedDict({'model': ('model', <class 'transformers.models.qwen2.modeling_qwen2.Qwen2Model'>), 'model.layers.0': ('model.layers.0', <class 'transformers.models.qwen2.modeling_qwen2.Qwen2DecoderLayer'>), 'model.layers.0.post_attention_layernorm': ('model.layers.0.post_attention_layernorm', <class 'transformers.models.qwen2.modeling_qwen2.Qwen2RMSNorm'>)})}",model.layers.0.post_attention_layernorm,False,0,['add_15'],"[pow_2, mul_12]"
"[[4, 512, 5120]]",[True],True,"(4, 512, 5120)",torch.float32,pow_2,"{'nn_module_stack': OrderedDict({'model': ('model', <class 'transformers.models.qwen2.modeling_qwen2.Qwen2Model'>), 'model.layers.0': ('model.layers.0', <class 'transformers.models.qwen2.modeling_qwen2.Qwen2DecoderLayer'>), 'model.layers.0.post_attention_layernorm': ('model.layers.0.post_attention_layernorm', <class 'transformers.models.qwen2.modeling_qwen2.Qwen2RMSNorm'>)})}",model.layers.0.post_attention_layernorm,False,0,['to_14'],[mean_1]
"[[4, 512, 5120]]",[True],True,"(4, 512, 1)",torch.float32,mean_1,"{'nn_module_stack': OrderedDict({'model': ('model', <class 'transformers.models.qwen2.modeling_qwen2.Qwen2Model'>), 'model.layers.0': ('model.layers.0', <class 'transformers.models.qwen2.modeling_qwen2.Qwen2DecoderLayer'>), 'model.layers.0.post_attention_layernorm': ('model.layers.0.post_attention_layernorm', <class 'transformers.models.qwen2.modeling_qwen2.Qwen2RMSNorm'>)})}",model.layers.0.post_attention_layernorm,False,0,['pow_2'],[add_16]
"[[4, 512, 1]]",[True],True,"(4, 512, 1)",torch.float32,add_16,"{'nn_module_stack': OrderedDict({'model': ('model', <class 'transformers.models.qwen2.modeling_qwen2.Qwen2Model'>), 'model.layers.0': ('model.layers.0', <class 'transformers.models.qwen2.modeling_qwen2.Qwen2DecoderLayer'>), 'model.layers.0.post_attention_layernorm': ('model.layers.0.post_attention_layernorm', <class 'transformers.models.qwen2.modeling_qwen2.Qwen2RMSNorm'>)})}",model.layers.0.post_attention_layernorm,False,0,['mean_1'],[rsqrt_1]
"[[4, 512, 1]]",[True],True,"(4, 512, 1)",torch.float32,rsqrt_1,"{'nn_module_stack': OrderedDict({'model': ('model', <class 'transformers.models.qwen2.modeling_qwen2.Qwen2Model'>), 'model.layers.0': ('model.layers.0', <class 'transformers.models.qwen2.modeling_qwen2.Qwen2DecoderLayer'>), 'model.layers.0.post_attention_layernorm': ('model.layers.0.post_attention_layernorm', <class 'transformers.models.qwen2.modeling_qwen2.Qwen2RMSNorm'>)})}",model.layers.0.post_attention_layernorm,False,0,['add_16'],[mul_12]
"[[4, 512, 5120], [4, 512, 1]]","[True, True]",True,"(4, 512, 5120)",torch.float32,mul_12,"{'nn_module_stack': OrderedDict({'model': ('model', <class 'transformers.models.qwen2.modeling_qwen2.Qwen2Model'>), 'model.layers.0': ('model.layers.0', <class 'transformers.models.qwen2.modeling_qwen2.Qwen2DecoderLayer'>), 'model.layers.0.post_attention_layernorm': ('model.layers.0.post_attention_layernorm', <class 'transformers.models.qwen2.modeling_qwen2.Qwen2RMSNorm'>)})}",model.layers.0.post_attention_layernorm,False,0,"['to_14', 'rsqrt_1']",[to_15]
[],[],True,"(5120,)",torch.float32,model_layers_0_post_attention_layernorm_weight,"{'nn_module_stack': OrderedDict({'model': ('model', <class 'transformers.models.qwen2.modeling_qwen2.Qwen2Model'>), 'model.layers.0': ('model.layers.0', <class 'transformers.models.qwen2.modeling_qwen2.Qwen2DecoderLayer'>), 'model.layers.0.post_attention_layernorm': ('model.layers.0.post_attention_layernorm', <class 'transformers.models.qwen2.modeling_qwen2.Qwen2RMSNorm'>)})}",model.layers.0.post_attention_layernorm,False,0,[],[mul_13]
"[[4, 512, 5120]]",[True],True,"(1,)",,getattr_18,"{'nn_module_stack': OrderedDict({'model': ('model', <class 'transformers.models.qwen2.modeling_qwen2.Qwen2Model'>), 'model.layers.0': ('model.layers.0', <class 'transformers.models.qwen2.modeling_qwen2.Qwen2DecoderLayer'>), 'model.layers.0.post_attention_layernorm': ('model.layers.0.post_attention_layernorm', <class 'transformers.models.qwen2.modeling_qwen2.Qwen2RMSNorm'>)})}",model.layers.0.post_attention_layernorm,False,0,['add_15'],[to_15]
"[[4, 512, 5120], [1]]","[True, True]",True,"(4, 512, 5120)",torch.float32,to_15,"{'nn_module_stack': OrderedDict({'model': ('model', <class 'transformers.models.qwen2.modeling_qwen2.Qwen2Model'>), 'model.layers.0': ('model.layers.0', <class 'transformers.models.qwen2.modeling_qwen2.Qwen2DecoderLayer'>), 'model.layers.0.post_attention_layernorm': ('model.layers.0.post_attention_layernorm', <class 'transformers.models.qwen2.modeling_qwen2.Qwen2RMSNorm'>)})}",model.layers.0.post_attention_layernorm,False,0,"['mul_12', 'getattr_18']",[mul_13]
"[[5120], [4, 512, 5120]]","[True, True]",True,"(4, 512, 5120)",torch.float32,mul_13,"{'nn_module_stack': OrderedDict({'model': ('model', <class 'transformers.models.qwen2.modeling_qwen2.Qwen2Model'>), 'model.layers.0': ('model.layers.0', <class 'transformers.models.qwen2.modeling_qwen2.Qwen2DecoderLayer'>), 'model.layers.0.post_attention_layernorm': ('model.layers.0.post_attention_layernorm', <class 'transformers.models.qwen2.modeling_qwen2.Qwen2RMSNorm'>)})}",model.layers.0.post_attention_layernorm,False,0,"['model_layers_0_post_attention_layernorm_weight', 'to_15']","[model_layers_0_mlp_gate_proj, model_layers_0_mlp_up_proj]"
"[[4, 512, 5120]]",[True],True,"(4, 512, 27648)",torch.float32,model_layers_0_mlp_gate_proj,"{'nn_module_stack': OrderedDict({'model': ('model', <class 'transformers.models.qwen2.modeling_qwen2.Qwen2Model'>), 'model.layers.0': ('model.layers.0', <class 'transformers.models.qwen2.modeling_qwen2.Qwen2DecoderLayer'>), 'model.layers.0.mlp': ('model.layers.0.mlp', <class 'transformers.models.qwen2.modeling_qwen2.Qwen2MLP'>), 'model.layers.0.mlp.gate_proj': ('model.layers.0.mlp.gate_proj', <class 'torch.nn.modules.linear.Linear'>)})}",model.layers.0.mlp.gate_proj,False,0,['mul_13'],[model_layers_0_mlp_act_fn]
"[[4, 512, 27648]]",[True],True,"(4, 512, 27648)",torch.float32,model_layers_0_mlp_act_fn,"{'nn_module_stack': OrderedDict({'model': ('model', <class 'transformers.models.qwen2.modeling_qwen2.Qwen2Model'>), 'model.layers.0': ('model.layers.0', <class 'transformers.models.qwen2.modeling_qwen2.Qwen2DecoderLayer'>), 'model.layers.0.mlp': ('model.layers.0.mlp', <class 'transformers.models.qwen2.modeling_qwen2.Qwen2MLP'>), 'model.layers.0.mlp.act_fn': ('model.layers.0.mlp.act_fn', <class 'torch.nn.modules.activation.SiLU'>)})}",model.layers.0.mlp.act_fn,True,0,['model_layers_0_mlp_gate_proj'],[mul_14]
"[[4, 512, 5120]]",[True],True,"(4, 512, 27648)",torch.float32,model_layers_0_mlp_up_proj,"{'nn_module_stack': OrderedDict({'model': ('model', <class 'transformers.models.qwen2.modeling_qwen2.Qwen2Model'>), 'model.layers.0': ('model.layers.0', <class 'transformers.models.qwen2.modeling_qwen2.Qwen2DecoderLayer'>), 'model.layers.0.mlp': ('model.layers.0.mlp', <class 'transformers.models.qwen2.modeling_qwen2.Qwen2MLP'>), 'model.layers.0.mlp.up_proj': ('model.layers.0.mlp.up_proj', <class 'torch.nn.modules.linear.Linear'>)})}",model.layers.0.mlp.up_proj,False,0,['mul_13'],[mul_14]
"[[4, 512, 27648], [4, 512, 27648]]","[True, True]",True,"(4, 512, 27648)",torch.float32,mul_14,"{'nn_module_stack': OrderedDict({'model': ('model', <class 'transformers.models.qwen2.modeling_qwen2.Qwen2Model'>), 'model.layers.0': ('model.layers.0', <class 'transformers.models.qwen2.modeling_qwen2.Qwen2DecoderLayer'>), 'model.layers.0.mlp': ('model.layers.0.mlp', <class 'transformers.models.qwen2.modeling_qwen2.Qwen2MLP'>)})}",model.layers.0.mlp,True,0,"['model_layers_0_mlp_act_fn', 'model_layers_0_mlp_up_proj']",[model_layers_0_mlp_down_proj]
"[[4, 512, 27648]]",[True],True,"(4, 512, 5120)",torch.float32,model_layers_0_mlp_down_proj,"{'nn_module_stack': OrderedDict({'model': ('model', <class 'transformers.models.qwen2.modeling_qwen2.Qwen2Model'>), 'model.layers.0': ('model.layers.0', <class 'transformers.models.qwen2.modeling_qwen2.Qwen2DecoderLayer'>), 'model.layers.0.mlp': ('model.layers.0.mlp', <class 'transformers.models.qwen2.modeling_qwen2.Qwen2MLP'>), 'model.layers.0.mlp.down_proj': ('model.layers.0.mlp.down_proj', <class 'torch.nn.modules.linear.Linear'>)})}",model.layers.0.mlp.down_proj,False,0,['mul_14'],[add_17]
"[[4, 512, 5120], [4, 512, 5120]]","[True, True]",True,"(4, 512, 5120)",torch.float32,add_17,"{'nn_module_stack': OrderedDict({'model': ('model', <class 'transformers.models.qwen2.modeling_qwen2.Qwen2Model'>), 'model.layers.0': ('model.layers.0', <class 'transformers.models.qwen2.modeling_qwen2.Qwen2DecoderLayer'>)})}",model.layers.0,True,0,"['add_15', 'model_layers_0_mlp_down_proj']","[to_16, getattr_19]"
"[[4, 512, 5120]]",[True],True,"(4, 512, 5120)",torch.float32,to_16,"{'nn_module_stack': OrderedDict({'model': ('model', <class 'transformers.models.qwen2.modeling_qwen2.Qwen2Model'>), 'model.norm': ('model.norm', <class 'transformers.models.qwen2.modeling_qwen2.Qwen2RMSNorm'>)})}",model.norm,False,0,['add_17'],"[pow_3, mul_15]"
"[[4, 512, 5120]]",[True],True,"(4, 512, 5120)",torch.float32,pow_3,"{'nn_module_stack': OrderedDict({'model': ('model', <class 'transformers.models.qwen2.modeling_qwen2.Qwen2Model'>), 'model.norm': ('model.norm', <class 'transformers.models.qwen2.modeling_qwen2.Qwen2RMSNorm'>)})}",model.norm,False,0,['to_16'],[mean_2]
"[[4, 512, 5120]]",[True],True,"(4, 512, 1)",torch.float32,mean_2,"{'nn_module_stack': OrderedDict({'model': ('model', <class 'transformers.models.qwen2.modeling_qwen2.Qwen2Model'>), 'model.norm': ('model.norm', <class 'transformers.models.qwen2.modeling_qwen2.Qwen2RMSNorm'>)})}",model.norm,False,0,['pow_3'],[add_18]
"[[4, 512, 1]]",[True],True,"(4, 512, 1)",torch.float32,add_18,"{'nn_module_stack': OrderedDict({'model': ('model', <class 'transformers.models.qwen2.modeling_qwen2.Qwen2Model'>), 'model.norm': ('model.norm', <class 'transformers.models.qwen2.modeling_qwen2.Qwen2RMSNorm'>)})}",model.norm,False,0,['mean_2'],[rsqrt_2]
"[[4, 512, 1]]",[True],True,"(4, 512, 1)",torch.float32,rsqrt_2,"{'nn_module_stack': OrderedDict({'model': ('model', <class 'transformers.models.qwen2.modeling_qwen2.Qwen2Model'>), 'model.norm': ('model.norm', <class 'transformers.models.qwen2.modeling_qwen2.Qwen2RMSNorm'>)})}",model.norm,False,0,['add_18'],[mul_15]
"[[4, 512, 5120], [4, 512, 1]]","[True, True]",True,"(4, 512, 5120)",torch.float32,mul_15,"{'nn_module_stack': OrderedDict({'model': ('model', <class 'transformers.models.qwen2.modeling_qwen2.Qwen2Model'>), 'model.norm': ('model.norm', <class 'transformers.models.qwen2.modeling_qwen2.Qwen2RMSNorm'>)})}",model.norm,False,0,"['to_16', 'rsqrt_2']",[to_17]
[],[],True,"(5120,)",torch.float32,model_norm_weight,"{'nn_module_stack': OrderedDict({'model': ('model', <class 'transformers.models.qwen2.modeling_qwen2.Qwen2Model'>), 'model.norm': ('model.norm', <class 'transformers.models.qwen2.modeling_qwen2.Qwen2RMSNorm'>)})}",model.norm,False,0,[],[mul_16]
"[[4, 512, 5120]]",[True],True,"(1,)",,getattr_19,"{'nn_module_stack': OrderedDict({'model': ('model', <class 'transformers.models.qwen2.modeling_qwen2.Qwen2Model'>), 'model.norm': ('model.norm', <class 'transformers.models.qwen2.modeling_qwen2.Qwen2RMSNorm'>)})}",model.norm,False,0,['add_17'],[to_17]
"[[4, 512, 5120], [1]]","[True, True]",True,"(4, 512, 5120)",torch.float32,to_17,"{'nn_module_stack': OrderedDict({'model': ('model', <class 'transformers.models.qwen2.modeling_qwen2.Qwen2Model'>), 'model.norm': ('model.norm', <class 'transformers.models.qwen2.modeling_qwen2.Qwen2RMSNorm'>)})}",model.norm,False,0,"['mul_15', 'getattr_19']",[mul_16]
"[[5120], [4, 512, 5120]]","[True, True]",True,"(4, 512, 5120)",torch.float32,mul_16,"{'nn_module_stack': OrderedDict({'model': ('model', <class 'transformers.models.qwen2.modeling_qwen2.Qwen2Model'>), 'model.norm': ('model.norm', <class 'transformers.models.qwen2.modeling_qwen2.Qwen2RMSNorm'>)})}",model.norm,False,0,"['model_norm_weight', 'to_17']",[lm_head]
"[[4, 512, 5120]]",[True],True,"(4, 512, 152064)",torch.float32,lm_head,"{'nn_module_stack': OrderedDict({'lm_head': ('lm_head', <class 'torch.nn.modules.linear.Linear'>)})}",lm_head,False,0,['mul_16'],[float_1]
"[[4, 512, 152064]]",[True],True,"(4, 512, 152064)",torch.float32,float_1,{},,True,0,['lm_head'],[output]
"[[4, 512, 152064], [4, 8, 512, 128], [4, 8, 512, 128]]","[True, False, False]",True,"(4, 512, 152064)",torch.float32,output,{},,True,0,"['float_1', 'add_11', 'transpose_2']",[]
